Time,WW303,WW303,WW303,WW303,WW303,WW303,WW303,WW303,WW303,WW303,WW303,WW303,BY4741,BY4741,BY4741,BY4741,BY4741,BY4741,BY4741,BY4741,BY4741,BY4741,BY4741,BY4741,BY4742,BY4742,BY4742,BY4742,BY4742,BY4742,BY4742,BY4742,BY4742,BY4742,BY4742,BY4742,S288C,S288C,S288C,S288C,S288C,S288C,S288C,S288C,S288C,S288C,S288C,S288C,BLANK,BLANK,BLANK,BLANK,BLANK,BLANK,BLANK,BLANK,BLANK,BLANK,BLANK,BLANK
0:00:05,0.105,0.103,0.105,0.194,0.22,0.232,0.24,0.234,0.223,0.205,0.098,0.099,0.108,0.102,0.197,0.243,0.244,0.243,0.251,0.252,0.232,0.229,0.103,0.101,0.108,0.112,0.11,0.199,0.219,0.233,0.227,0.23,0.209,0.22,0.106,0.103,0.103,0.098,0.1,0.099,0.098,0.099,0.098,0.099,0.101,0.1,0.098,0.099,0.098,0.099,0.099,0.101,0.099,0.101,0.1,0.102,0.1,0.098,0.096,0.097
0:15:05,0.109,0.102,0.105,0.107,0.107,0.105,0.104,0.104,0.102,0.1,0.099,0.1,0.127,0.121,0.124,0.131,0.122,0.12,0.119,0.119,0.117,0.114,0.112,0.117,0.119,0.124,0.123,0.118,0.11,0.121,0.114,0.113,0.106,0.112,0.12,0.113,0.11,0.108,0.107,0.107,0.105,0.106,0.107,0.106,0.108,0.108,0.107,0.105,0.096,0.096,0.096,0.098,0.098,0.097,0.098,0.1,0.097,0.095,0.093,0.096
0:30:06,0.11,0.104,0.11,0.108,0.107,0.109,0.11,0.109,0.106,0.101,0.099,0.102,0.135,0.126,0.129,0.137,0.131,0.123,0.123,0.122,0.114,0.119,0.11,0.115,0.124,0.125,0.129,0.124,0.115,0.126,0.114,0.119,0.107,0.118,0.127,0.115,0.111,0.108,0.11,0.109,0.106,0.108,0.109,0.107,0.109,0.109,0.11,0.108,0.096,0.095,0.098,0.099,0.1,0.097,0.097,0.099,0.099,0.096,0.094,0.098
0:45:05,0.112,0.104,0.113,0.112,0.109,0.111,0.112,0.112,0.109,0.103,0.102,0.105,0.145,0.132,0.139,0.143,0.14,0.132,0.13,0.127,0.112,0.123,0.109,0.113,0.128,0.127,0.136,0.133,0.123,0.131,0.116,0.123,0.106,0.129,0.134,0.116,0.115,0.111,0.11,0.112,0.111,0.113,0.113,0.11,0.11,0.112,0.113,0.114,0.095,0.096,0.098,0.101,0.099,0.098,0.099,0.101,0.098,0.099,0.095,0.097
1:00:05,0.113,0.104,0.112,0.113,0.111,0.114,0.115,0.115,0.111,0.105,0.103,0.104,0.153,0.138,0.147,0.152,0.146,0.141,0.134,0.133,0.111,0.129,0.107,0.112,0.133,0.128,0.144,0.139,0.129,0.139,0.116,0.133,0.106,0.14,0.14,0.116,0.118,0.114,0.11,0.115,0.114,0.115,0.116,0.115,0.112,0.115,0.117,0.116,0.096,0.098,0.098,0.1,0.099,0.098,0.102,0.101,0.1,0.098,0.098,0.1
1:15:05,0.112,0.1,0.112,0.114,0.111,0.115,0.115,0.115,0.109,0.105,0.102,0.101,0.163,0.142,0.153,0.158,0.152,0.146,0.14,0.135,0.108,0.129,0.103,0.109,0.136,0.128,0.152,0.146,0.133,0.144,0.114,0.137,0.102,0.151,0.147,0.114,0.117,0.116,0.109,0.116,0.115,0.116,0.114,0.115,0.112,0.117,0.118,0.115,0.095,0.096,0.098,0.098,0.098,0.098,0.097,0.1,0.099,0.095,0.095,0.096
1:30:05,0.111,0.102,0.115,0.117,0.112,0.119,0.119,0.117,0.109,0.107,0.104,0.104,0.17,0.151,0.163,0.167,0.16,0.156,0.148,0.143,0.108,0.139,0.104,0.111,0.144,0.131,0.163,0.153,0.141,0.152,0.114,0.146,0.103,0.165,0.155,0.116,0.121,0.118,0.112,0.119,0.119,0.12,0.118,0.119,0.112,0.119,0.121,0.123,0.096,0.098,0.098,0.099,0.1,0.099,0.099,0.1,0.1,0.098,0.095,0.097
1:45:05,0.112,0.102,0.119,0.118,0.112,0.121,0.121,0.12,0.112,0.108,0.104,0.102,0.18,0.156,0.174,0.176,0.169,0.164,0.157,0.148,0.108,0.145,0.104,0.109,0.15,0.135,0.17,0.162,0.148,0.161,0.115,0.153,0.104,0.181,0.166,0.117,0.12,0.123,0.111,0.123,0.122,0.121,0.119,0.122,0.115,0.121,0.125,0.125,0.097,0.098,0.1,0.101,0.099,0.099,0.1,0.101,0.1,0.096,0.096,0.098
2:00:05,0.109,0.1,0.118,0.118,0.112,0.121,0.122,0.12,0.112,0.109,0.104,0.101,0.189,0.164,0.184,0.182,0.179,0.171,0.162,0.153,0.107,0.15,0.103,0.111,0.158,0.137,0.179,0.171,0.154,0.169,0.116,0.161,0.103,0.192,0.172,0.114,0.121,0.122,0.111,0.125,0.122,0.123,0.122,0.124,0.114,0.124,0.126,0.129,0.096,0.096,0.099,0.099,0.099,0.098,0.1,0.099,0.096,0.097,0.095,0.097
2:15:05,0.11,0.1,0.118,0.12,0.114,0.125,0.125,0.124,0.113,0.11,0.105,0.099,0.201,0.175,0.198,0.194,0.191,0.182,0.171,0.164,0.107,0.16,0.103,0.109,0.165,0.142,0.191,0.181,0.16,0.177,0.116,0.172,0.103,0.208,0.184,0.116,0.125,0.127,0.112,0.126,0.125,0.126,0.126,0.126,0.116,0.125,0.128,0.13,0.097,0.097,0.098,0.101,0.099,0.097,0.099,0.099,0.1,0.098,0.096,0.097
2:30:05,0.109,0.1,0.119,0.123,0.115,0.127,0.128,0.125,0.117,0.109,0.107,0.101,0.217,0.182,0.211,0.208,0.203,0.195,0.184,0.172,0.108,0.168,0.102,0.111,0.171,0.145,0.203,0.194,0.172,0.188,0.122,0.188,0.103,0.228,0.199,0.116,0.126,0.13,0.113,0.132,0.129,0.131,0.129,0.131,0.118,0.131,0.133,0.135,0.097,0.098,0.098,0.1,0.099,0.101,0.101,0.101,0.099,0.097,0.097,0.098
2:45:05,0.11,0.101,0.123,0.125,0.116,0.132,0.131,0.131,0.118,0.115,0.108,0.101,0.235,0.194,0.227,0.222,0.216,0.21,0.195,0.182,0.108,0.179,0.102,0.111,0.183,0.15,0.216,0.208,0.179,0.202,0.123,0.199,0.104,0.246,0.211,0.117,0.13,0.134,0.113,0.136,0.133,0.135,0.132,0.135,0.119,0.133,0.136,0.139,0.098,0.099,0.101,0.101,0.1,0.1,0.101,0.1,0.099,0.097,0.096,0.098
3:00:05,0.106,0.1,0.122,0.124,0.117,0.132,0.132,0.13,0.119,0.113,0.107,0.099,0.246,0.206,0.24,0.236,0.23,0.223,0.206,0.192,0.106,0.186,0.1,0.109,0.187,0.152,0.227,0.22,0.188,0.21,0.125,0.213,0.1,0.265,0.223,0.115,0.129,0.137,0.112,0.137,0.136,0.135,0.133,0.137,0.119,0.134,0.139,0.141,0.096,0.096,0.098,0.099,0.097,0.099,0.099,0.099,0.099,0.095,0.094,0.096
3:15:05,0.107,0.101,0.127,0.128,0.121,0.137,0.138,0.137,0.121,0.113,0.111,0.1,0.268,0.222,0.262,0.252,0.249,0.24,0.223,0.205,0.108,0.202,0.099,0.11,0.201,0.161,0.244,0.239,0.201,0.229,0.128,0.23,0.103,0.291,0.242,0.116,0.133,0.141,0.117,0.142,0.141,0.141,0.139,0.145,0.12,0.139,0.144,0.147,0.098,0.097,0.099,0.099,0.1,0.098,0.101,0.101,0.099,0.097,0.097,0.098
3:30:06,0.106,0.101,0.129,0.129,0.12,0.142,0.141,0.14,0.124,0.114,0.11,0.099,0.287,0.235,0.281,0.271,0.266,0.256,0.235,0.217,0.107,0.214,0.102,0.113,0.21,0.162,0.257,0.253,0.212,0.24,0.13,0.249,0.102,0.314,0.258,0.116,0.134,0.145,0.116,0.146,0.145,0.145,0.144,0.146,0.122,0.143,0.148,0.151,0.096,0.097,0.099,0.101,0.099,0.098,0.099,0.099,0.099,0.097,0.098,0.097
3:45:05,0.106,0.101,0.132,0.132,0.121,0.148,0.147,0.146,0.128,0.117,0.112,0.1,0.309,0.256,0.306,0.291,0.288,0.277,0.253,0.234,0.108,0.23,0.099,0.111,0.223,0.169,0.279,0.274,0.224,0.258,0.133,0.266,0.102,0.342,0.278,0.12,0.136,0.149,0.12,0.152,0.151,0.149,0.15,0.152,0.125,0.147,0.152,0.155,0.096,0.097,0.099,0.1,0.097,0.099,0.1,0.1,0.098,0.097,0.095,0.096
4:00:06,0.108,0.101,0.135,0.138,0.124,0.155,0.152,0.152,0.132,0.121,0.115,0.1,0.338,0.276,0.332,0.315,0.312,0.301,0.274,0.253,0.11,0.247,0.101,0.113,0.238,0.175,0.297,0.293,0.236,0.279,0.137,0.291,0.102,0.371,0.298,0.122,0.14,0.157,0.121,0.159,0.156,0.156,0.153,0.159,0.128,0.154,0.156,0.161,0.098,0.097,0.099,0.1,0.1,0.099,0.101,0.101,0.101,0.097,0.096,0.099
4:15:06,0.105,0.099,0.138,0.14,0.127,0.158,0.156,0.158,0.134,0.122,0.116,0.099,0.366,0.294,0.36,0.338,0.336,0.323,0.294,0.271,0.109,0.263,0.1,0.112,0.25,0.179,0.312,0.312,0.248,0.295,0.137,0.311,0.102,0.401,0.319,0.119,0.143,0.159,0.12,0.161,0.16,0.161,0.155,0.162,0.13,0.156,0.16,0.168,0.095,0.096,0.098,0.098,0.099,0.097,0.098,0.097,0.1,0.097,0.095,0.096
4:30:06,0.107,0.101,0.145,0.148,0.13,0.167,0.163,0.167,0.142,0.127,0.12,0.101,0.398,0.32,0.393,0.366,0.366,0.352,0.318,0.292,0.11,0.287,0.101,0.115,0.265,0.186,0.33,0.335,0.262,0.316,0.143,0.338,0.103,0.436,0.344,0.12,0.146,0.167,0.123,0.169,0.168,0.166,0.163,0.171,0.132,0.164,0.169,0.175,0.097,0.097,0.099,0.1,0.099,0.099,0.1,0.101,0.1,0.097,0.097,0.098
4:45:06,0.11,0.101,0.151,0.154,0.136,0.176,0.172,0.172,0.146,0.132,0.124,0.101,0.434,0.34,0.426,0.401,0.4,0.38,0.345,0.315,0.11,0.308,0.101,0.116,0.269,0.187,0.348,0.356,0.276,0.329,0.147,0.372,0.102,0.475,0.365,0.121,0.148,0.173,0.126,0.174,0.174,0.174,0.172,0.177,0.135,0.171,0.176,0.185,0.097,0.097,0.099,0.102,0.1,0.1,0.101,0.101,0.099,0.097,0.096,0.098
5:00:06,0.108,0.1,0.155,0.16,0.142,0.184,0.179,0.182,0.153,0.135,0.126,0.099,0.469,0.364,0.462,0.434,0.431,0.411,0.374,0.338,0.11,0.334,0.101,0.117,0.28,0.19,0.363,0.378,0.29,0.348,0.15,0.399,0.102,0.51,0.387,0.122,0.151,0.178,0.126,0.181,0.181,0.179,0.176,0.182,0.138,0.175,0.182,0.19,0.096,0.094,0.097,0.1,0.098,0.098,0.099,0.1,0.097,0.096,0.094,0.097
5:15:05,0.11,0.101,0.165,0.171,0.151,0.198,0.191,0.195,0.162,0.145,0.132,0.101,0.514,0.398,0.506,0.473,0.469,0.451,0.409,0.369,0.11,0.361,0.101,0.119,0.3,0.201,0.39,0.408,0.307,0.378,0.154,0.43,0.103,0.549,0.419,0.124,0.156,0.186,0.131,0.191,0.19,0.188,0.183,0.192,0.142,0.184,0.191,0.202,0.096,0.097,0.1,0.1,0.1,0.099,0.099,0.101,0.098,0.098,0.096,0.098
5:30:05,0.109,0.102,0.172,0.179,0.157,0.208,0.2,0.203,0.169,0.152,0.136,0.101,0.558,0.423,0.546,0.515,0.511,0.485,0.442,0.398,0.114,0.391,0.101,0.12,0.307,0.204,0.405,0.428,0.319,0.393,0.157,0.473,0.102,0.595,0.438,0.125,0.157,0.197,0.133,0.197,0.197,0.198,0.192,0.201,0.146,0.193,0.198,0.21,0.096,0.096,0.099,0.099,0.099,0.099,0.099,0.099,0.098,0.097,0.096,0.098
5:45:05,0.112,0.103,0.183,0.19,0.172,0.224,0.216,0.218,0.18,0.164,0.142,0.103,0.607,0.459,0.594,0.558,0.557,0.529,0.482,0.434,0.115,0.425,0.103,0.125,0.318,0.213,0.424,0.457,0.338,0.416,0.165,0.515,0.103,0.638,0.466,0.13,0.163,0.208,0.138,0.211,0.209,0.208,0.202,0.213,0.153,0.205,0.209,0.221,0.098,0.098,0.099,0.101,0.101,0.1,0.101,0.101,0.101,0.098,0.097,0.098
6:00:05,0.113,0.102,0.196,0.205,0.184,0.241,0.23,0.231,0.192,0.172,0.147,0.104,0.657,0.493,0.642,0.607,0.606,0.573,0.525,0.468,0.118,0.46,0.103,0.126,0.33,0.221,0.444,0.485,0.356,0.439,0.17,0.556,0.109,0.679,0.493,0.13,0.168,0.217,0.142,0.221,0.22,0.216,0.212,0.223,0.157,0.212,0.22,0.232,0.098,0.098,0.099,0.102,0.1,0.099,0.101,0.101,0.099,0.098,0.096,0.098
6:15:05,0.114,0.1,0.209,0.221,0.2,0.258,0.245,0.25,0.202,0.183,0.156,0.102,0.709,0.529,0.693,0.653,0.652,0.621,0.569,0.507,0.117,0.497,0.104,0.128,0.342,0.229,0.465,0.511,0.374,0.466,0.173,0.6,0.103,0.727,0.52,0.13,0.169,0.228,0.144,0.231,0.23,0.228,0.222,0.234,0.161,0.223,0.229,0.244,0.097,0.098,0.099,0.101,0.099,0.1,0.099,0.101,0.099,0.097,0.097,0.097
6:30:06,0.116,0.104,0.223,0.238,0.221,0.28,0.266,0.267,0.217,0.196,0.162,0.104,0.766,0.565,0.744,0.708,0.706,0.67,0.617,0.553,0.121,0.54,0.102,0.131,0.352,0.238,0.489,0.539,0.392,0.49,0.176,0.644,0.101,0.776,0.548,0.132,0.174,0.241,0.148,0.245,0.241,0.239,0.234,0.244,0.167,0.235,0.24,0.256,0.096,0.097,0.099,0.1,0.1,0.099,0.101,0.1,0.101,0.099,0.097,0.097
6:45:05,0.117,0.103,0.24,0.259,0.239,0.307,0.289,0.295,0.234,0.213,0.176,0.103,0.826,0.612,0.804,0.759,0.759,0.726,0.668,0.6,0.122,0.586,0.104,0.133,0.377,0.253,0.518,0.58,0.418,0.527,0.181,0.682,0.103,0.813,0.588,0.136,0.182,0.254,0.152,0.258,0.255,0.255,0.245,0.259,0.174,0.245,0.253,0.271,0.096,0.096,0.098,0.099,0.1,0.098,0.101,0.1,0.099,0.096,0.095,0.096
7:00:05,0.121,0.103,0.26,0.28,0.257,0.331,0.313,0.32,0.252,0.225,0.188,0.104,0.884,0.646,0.854,0.818,0.816,0.775,0.723,0.647,0.122,0.629,0.102,0.138,0.377,0.262,0.535,0.605,0.44,0.544,0.186,0.742,0.102,0.874,0.606,0.137,0.185,0.266,0.157,0.272,0.269,0.267,0.258,0.273,0.179,0.259,0.266,0.287,0.097,0.098,0.098,0.1,0.099,0.1,0.1,0.1,0.099,0.098,0.096,0.097
7:15:05,0.125,0.104,0.286,0.308,0.281,0.365,0.341,0.352,0.271,0.245,0.203,0.103,0.945,0.688,0.914,0.875,0.875,0.834,0.778,0.701,0.124,0.683,0.105,0.141,0.391,0.275,0.565,0.641,0.469,0.574,0.193,0.794,0.105,0.924,0.638,0.14,0.189,0.281,0.164,0.286,0.285,0.283,0.274,0.289,0.186,0.276,0.282,0.303,0.098,0.098,0.1,0.102,0.101,0.1,0.101,0.102,0.101,0.098,0.097,0.099
7:30:06,0.13,0.104,0.314,0.341,0.311,0.402,0.372,0.384,0.295,0.263,0.221,0.103,1.005,0.73,0.97,0.932,0.933,0.893,0.833,0.751,0.126,0.734,0.106,0.146,0.406,0.288,0.594,0.681,0.497,0.604,0.198,0.846,0.104,0.977,0.671,0.141,0.195,0.295,0.168,0.304,0.303,0.299,0.288,0.305,0.194,0.291,0.296,0.319,0.097,0.097,0.097,0.101,0.099,0.099,0.099,0.1,0.1,0.098,0.095,0.097
7:45:06,0.137,0.107,0.344,0.377,0.34,0.444,0.408,0.429,0.324,0.285,0.242,0.104,1.063,0.774,1.027,0.992,0.993,0.951,0.892,0.807,0.129,0.789,0.104,0.152,0.427,0.304,0.624,0.723,0.53,0.64,0.206,0.897,0.103,1.034,0.711,0.143,0.203,0.313,0.173,0.322,0.318,0.313,0.304,0.324,0.203,0.308,0.313,0.338,0.098,0.095,0.099,0.1,0.099,0.099,0.1,0.101,0.098,0.096,0.094,0.097
8:00:06,0.146,0.112,0.386,0.422,0.374,0.498,0.448,0.487,0.358,0.315,0.267,0.108,1.125,0.835,1.091,1.045,1.052,1.014,0.951,0.867,0.131,0.848,0.106,0.155,0.456,0.332,0.678,0.789,0.568,0.695,0.211,0.938,0.104,1.083,0.76,0.146,0.211,0.334,0.182,0.341,0.339,0.337,0.323,0.346,0.214,0.325,0.331,0.359,0.097,0.098,0.098,0.1,0.1,0.099,0.101,0.099,0.098,0.098,0.098,0.098
8:15:06,0.161,0.116,0.421,0.458,0.398,0.546,0.479,0.527,0.389,0.338,0.289,0.108,1.183,0.873,1.141,1.105,1.109,1.065,1.008,0.92,0.132,0.903,0.105,0.161,0.468,0.344,0.711,0.831,0.614,0.716,0.221,1.007,0.102,1.151,0.79,0.147,0.215,0.349,0.188,0.36,0.357,0.353,0.339,0.363,0.222,0.342,0.35,0.381,0.095,0.095,0.097,0.1,0.099,0.097,0.098,0.098,0.098,0.095,0.094,0.096
8:30:06,0.174,0.128,0.475,0.516,0.445,0.621,0.536,0.615,0.437,0.376,0.326,0.113,1.244,0.936,1.204,1.162,1.171,1.13,1.071,0.981,0.135,0.964,0.106,0.168,0.511,0.377,0.775,0.908,0.669,0.782,0.232,1.048,0.104,1.209,0.86,0.149,0.228,0.374,0.197,0.385,0.382,0.376,0.361,0.386,0.234,0.366,0.373,0.403,0.098,0.097,0.098,0.1,0.1,0.099,0.1,0.101,0.099,0.097,0.095,0.098
8:45:06,0.191,0.14,0.534,0.572,0.489,0.7,0.586,0.685,0.489,0.413,0.359,0.117,1.303,0.999,1.262,1.222,1.229,1.188,1.125,1.042,0.139,1.024,0.107,0.176,0.548,0.409,0.838,0.983,0.731,0.833,0.241,1.107,0.106,1.271,0.926,0.152,0.241,0.397,0.207,0.412,0.406,0.401,0.384,0.413,0.248,0.389,0.395,0.43,0.099,0.099,0.099,0.102,0.102,0.101,0.101,0.102,0.1,0.098,0.096,0.1
9:00:07,0.216,0.147,0.59,0.612,0.528,0.765,0.635,0.732,0.532,0.446,0.392,0.123,1.358,1.044,1.314,1.274,1.284,1.237,1.182,1.094,0.139,1.077,0.107,0.182,0.573,0.435,0.896,1.033,0.793,0.875,0.258,1.181,0.105,1.33,0.971,0.153,0.245,0.415,0.212,0.432,0.429,0.421,0.406,0.437,0.257,0.411,0.416,0.455,0.097,0.099,0.099,0.101,0.102,0.099,0.1,0.101,0.097,0.096,0.096,0.099
9:15:07,0.256,0.164,0.661,0.692,0.597,0.851,0.716,0.835,0.596,0.49,0.44,0.126,1.413,1.129,1.373,1.326,1.341,1.3,1.238,1.152,0.139,1.137,0.106,0.187,0.64,0.484,1.01,1.142,0.868,0.974,0.27,1.222,0.102,1.375,1.075,0.152,0.256,0.443,0.223,0.46,0.456,0.453,0.429,0.463,0.272,0.437,0.44,0.482,0.096,0.096,0.097,0.1,0.099,0.098,0.098,0.099,0.098,0.095,0.095,0.097
9:30:07,0.296,0.182,0.726,0.759,0.65,0.909,0.79,0.886,0.656,0.534,0.485,0.132,1.462,1.193,1.424,1.379,1.392,1.352,1.296,1.209,0.143,1.192,0.106,0.197,0.679,0.518,1.106,1.216,0.951,1.047,0.289,1.29,0.104,1.423,1.138,0.157,0.266,0.466,0.234,0.487,0.483,0.477,0.454,0.492,0.286,0.463,0.467,0.509,0.098,0.096,0.097,0.099,0.101,0.098,0.1,0.099,0.098,0.098,0.094,0.098
9:45:06,0.344,0.211,0.818,0.85,0.744,0.96,0.907,0.964,0.744,0.604,0.558,0.146,1.511,1.281,1.478,1.429,1.446,1.415,1.351,1.267,0.146,1.255,0.106,0.203,0.774,0.579,1.251,1.323,1.058,1.185,0.307,1.333,0.104,1.462,1.267,0.158,0.283,0.496,0.247,0.519,0.514,0.506,0.482,0.524,0.303,0.493,0.494,0.541,0.096,0.097,0.098,0.1,0.1,0.099,0.1,0.101,0.099,0.096,0.097,0.098
10:00:06,0.405,0.231,0.887,0.918,0.815,0.998,0.988,1.002,0.827,0.658,0.619,0.163,1.553,1.37,1.522,1.477,1.494,1.456,1.401,1.321,0.152,1.305,0.107,0.219,0.825,0.625,1.359,1.385,1.178,1.267,0.333,1.39,0.106,1.501,1.334,0.164,0.296,0.521,0.256,0.551,0.546,0.537,0.51,0.557,0.318,0.523,0.52,0.573,0.097,0.098,0.099,0.099,0.101,0.1,0.1,0.1,0.1,0.097,0.096,0.098
10:15:06,0.465,0.263,0.966,0.986,0.92,1.037,1.058,1.049,0.932,0.747,0.714,0.183,1.593,1.46,1.564,1.522,1.54,1.508,1.452,1.375,0.152,1.365,0.106,0.225,0.938,0.711,1.458,1.449,1.295,1.399,0.349,1.425,0.106,1.534,1.418,0.168,0.31,0.557,0.269,0.583,0.576,0.569,0.539,0.588,0.337,0.554,0.549,0.603,0.097,0.097,0.099,0.101,0.098,0.1,0.1,0.101,0.099,0.097,0.096,0.097
10:30:06,0.538,0.297,1.021,1.031,1.005,1.075,1.104,1.086,1.009,0.84,0.816,0.206,1.629,1.522,1.604,1.563,1.582,1.552,1.501,1.425,0.155,1.417,0.108,0.239,1.048,0.799,1.513,1.495,1.391,1.47,0.384,1.469,0.106,1.566,1.476,0.18,0.326,0.589,0.285,0.619,0.612,0.605,0.571,0.625,0.357,0.587,0.583,0.638,0.097,0.098,0.099,0.101,0.101,0.101,0.101,0.103,0.099,0.098,0.097,0.099
10:45:06,0.616,0.327,1.059,1.064,1.055,1.105,1.137,1.114,1.059,0.931,0.897,0.242,1.658,1.569,1.635,1.598,1.619,1.589,1.539,1.47,0.163,1.461,0.107,0.255,1.135,0.886,1.549,1.53,1.453,1.511,0.425,1.514,0.106,1.598,1.513,0.185,0.339,0.612,0.294,0.651,0.645,0.636,0.601,0.658,0.374,0.619,0.611,0.669,0.098,0.098,0.099,0.102,0.099,0.1,0.102,0.101,0.1,0.097,0.095,0.098
11:00:06,0.705,0.379,1.104,1.109,1.111,1.14,1.177,1.15,1.106,1.03,0.991,0.268,1.689,1.616,1.669,1.632,1.655,1.628,1.58,1.515,0.167,1.511,0.107,0.267,1.323,1.055,1.593,1.57,1.502,1.566,0.459,1.549,0.106,1.628,1.56,0.197,0.36,0.649,0.313,0.693,0.684,0.673,0.637,0.695,0.401,0.656,0.647,0.705,0.099,0.098,0.099,0.102,0.102,0.101,0.102,0.102,0.1,0.1,0.097,0.098
11:15:06,0.79,0.431,1.134,1.137,1.149,1.165,1.204,1.176,1.139,1.095,1.044,0.31,1.714,1.649,1.695,1.662,1.685,1.66,1.614,1.554,0.175,1.551,0.106,0.284,1.472,1.254,1.623,1.599,1.54,1.601,0.507,1.58,0.109,1.651,1.59,0.215,0.378,0.684,0.33,0.727,0.718,0.706,0.668,0.73,0.42,0.688,0.679,0.739,0.098,0.099,0.097,0.099,0.099,0.1,0.099,0.1,0.097,0.097,0.097,0.1
11:30:06,0.873,0.492,1.164,1.166,1.184,1.189,1.228,1.199,1.169,1.143,1.089,0.358,1.736,1.681,1.723,1.694,1.713,1.69,1.646,1.59,0.183,1.588,0.106,0.302,1.585,1.456,1.651,1.627,1.582,1.631,0.562,1.611,0.114,1.681,1.623,0.237,0.396,0.719,0.344,0.764,0.755,0.748,0.702,0.77,0.445,0.725,0.713,0.775,0.097,0.098,0.098,0.101,0.099,0.101,0.101,0.102,0.1,0.099,0.097,0.099
11:45:06,0.962,0.551,1.19,1.192,1.207,1.211,1.251,1.224,1.193,1.178,1.122,0.418,1.754,1.71,1.745,1.719,1.737,1.714,1.675,1.624,0.191,1.627,0.108,0.319,1.644,1.569,1.676,1.652,1.618,1.658,0.627,1.639,0.118,1.702,1.649,0.279,0.416,0.753,0.357,0.802,0.793,0.783,0.737,0.807,0.466,0.763,0.748,0.81,0.096,0.097,0.098,0.101,0.099,0.101,0.1,0.098,0.098,0.097,0.095,0.097
12:00:06,1.033,0.597,1.212,1.208,1.229,1.23,1.268,1.243,1.212,1.199,1.149,0.463,1.771,1.731,1.766,1.743,1.762,1.737,1.7,1.648,0.209,1.654,0.106,0.35,1.676,1.622,1.696,1.677,1.649,1.681,0.709,1.671,0.133,1.725,1.668,0.335,0.435,0.781,0.372,0.835,0.828,0.819,0.77,0.845,0.491,0.8,0.781,0.847,0.096,0.096,0.097,0.099,0.099,0.097,0.098,0.1,0.097,0.095,0.095,0.098
12:15:06,1.115,0.678,1.236,1.232,1.255,1.251,1.291,1.265,1.239,1.232,1.179,0.511,1.788,1.756,1.788,1.766,1.785,1.761,1.727,1.682,0.224,1.691,0.109,0.372,1.716,1.672,1.722,1.704,1.684,1.708,0.785,1.696,0.159,1.748,1.699,0.419,0.46,0.825,0.396,0.881,0.872,0.861,0.809,0.886,0.522,0.841,0.823,0.886,0.099,0.097,0.099,0.103,0.099,0.1,0.1,0.101,0.098,0.097,0.098,0.099
12:30:06,1.172,0.749,1.255,1.249,1.275,1.27,1.309,1.283,1.257,1.254,1.202,0.559,1.798,1.777,1.807,1.784,1.803,1.783,1.75,1.706,0.238,1.718,0.108,0.394,1.745,1.707,1.744,1.726,1.716,1.732,0.887,1.719,0.189,1.77,1.721,0.527,0.484,0.86,0.414,0.919,0.91,0.899,0.848,0.927,0.55,0.882,0.861,0.921,0.097,0.098,0.099,0.102,0.1,0.099,0.1,0.1,0.099,0.098,0.095,0.099
12:45:06,1.215,0.806,1.271,1.264,1.29,1.283,1.322,1.296,1.272,1.271,1.217,0.604,1.808,1.789,1.82,1.801,1.818,1.796,1.769,1.724,0.256,1.738,0.109,0.428,1.764,1.732,1.762,1.747,1.745,1.749,0.993,1.741,0.222,1.79,1.742,0.702,0.507,0.894,0.428,0.954,0.947,0.936,0.883,0.968,0.579,0.917,0.897,0.962,0.097,0.097,0.099,0.099,0.1,0.099,0.1,0.1,0.098,0.097,0.096,0.098
13:00:06,1.252,0.884,1.286,1.279,1.309,1.301,1.339,1.312,1.289,1.292,1.239,0.643,1.816,1.805,1.833,1.813,1.834,1.815,1.785,1.745,0.266,1.76,0.112,0.453,1.788,1.76,1.781,1.768,1.769,1.773,1.103,1.761,0.252,1.809,1.762,0.916,0.536,0.934,0.456,0.999,0.991,0.979,0.925,1.005,0.609,0.958,0.936,1.001,0.099,0.098,0.1,0.102,0.099,0.099,0.1,0.101,0.099,0.099,0.097,0.098
13:15:06,1.285,0.955,1.301,1.293,1.325,1.312,1.35,1.325,1.304,1.307,1.256,0.691,1.821,1.817,1.842,1.824,1.845,1.826,1.797,1.761,0.282,1.78,0.112,0.48,1.805,1.782,1.799,1.786,1.793,1.792,1.259,1.782,0.289,1.828,1.783,1.13,0.56,0.972,0.477,1.04,1.031,1.02,0.964,1.047,0.642,0.998,0.977,1.041,0.097,0.097,0.098,0.101,0.1,0.1,0.101,0.099,0.1,0.098,0.096,0.098
13:30:06,1.306,1.009,1.314,1.308,1.34,1.325,1.364,1.336,1.319,1.322,1.27,0.729,1.826,1.824,1.852,1.834,1.855,1.834,1.809,1.773,0.305,1.794,0.114,0.521,1.818,1.801,1.816,1.804,1.817,1.807,1.376,1.803,0.329,1.844,1.799,1.31,0.587,1.005,0.494,1.075,1.067,1.057,1.002,1.086,0.672,1.036,1.012,1.078,0.098,0.099,0.101,0.101,0.101,0.101,0.101,0.101,0.1,0.099,0.097,0.099
13:45:06,1.332,1.081,1.328,1.318,1.354,1.338,1.376,1.351,1.332,1.337,1.285,0.79,1.83,1.83,1.858,1.838,1.862,1.845,1.817,1.782,0.312,1.806,0.114,0.541,1.835,1.821,1.831,1.821,1.834,1.824,1.483,1.817,0.372,1.861,1.818,1.435,0.62,1.047,0.522,1.117,1.109,1.099,1.042,1.127,0.707,1.077,1.056,1.118,0.1,0.1,0.101,0.104,0.101,0.101,0.102,0.102,0.102,0.099,0.099,0.099
14:00:06,1.347,1.118,1.336,1.328,1.363,1.347,1.384,1.358,1.343,1.346,1.297,0.822,1.832,1.832,1.863,1.842,1.865,1.849,1.823,1.79,0.33,1.815,0.115,0.575,1.841,1.833,1.844,1.834,1.852,1.838,1.575,1.832,0.426,1.873,1.83,1.51,0.644,1.077,0.538,1.149,1.143,1.132,1.078,1.164,0.739,1.115,1.092,1.156,0.098,0.098,0.098,0.1,0.099,0.099,0.101,0.1,0.099,0.099,0.095,0.097
14:15:05,1.365,1.167,1.347,1.338,1.374,1.356,1.394,1.369,1.353,1.358,1.31,0.857,1.832,1.838,1.863,1.847,1.868,1.852,1.828,1.795,0.341,1.823,0.116,0.597,1.848,1.845,1.852,1.843,1.865,1.849,1.633,1.844,0.473,1.884,1.843,1.564,0.671,1.113,0.564,1.186,1.183,1.169,1.117,1.202,0.771,1.152,1.13,1.196,0.096,0.095,0.098,0.1,0.099,0.098,0.1,0.1,0.098,0.098,0.095,0.097
14:30:06,1.388,1.229,1.362,1.352,1.389,1.37,1.407,1.381,1.366,1.373,1.325,0.917,1.833,1.842,1.869,1.85,1.873,1.861,1.834,1.802,0.346,1.829,0.117,0.61,1.854,1.859,1.866,1.855,1.879,1.86,1.671,1.855,0.529,1.894,1.854,1.611,0.706,1.156,0.595,1.228,1.22,1.209,1.159,1.239,0.807,1.194,1.175,1.235,0.097,0.098,0.099,0.101,0.1,0.099,0.1,0.1,0.099,0.098,0.096,0.098
14:45:06,1.401,1.255,1.37,1.362,1.4,1.379,1.415,1.389,1.375,1.381,1.335,0.945,1.836,1.844,1.869,1.852,1.874,1.861,1.835,1.803,0.361,1.833,0.12,0.642,1.86,1.865,1.869,1.861,1.889,1.868,1.707,1.866,0.595,1.901,1.862,1.645,0.735,1.186,0.612,1.26,1.256,1.243,1.195,1.275,0.842,1.23,1.211,1.273,0.096,0.097,0.1,0.1,0.1,0.098,0.1,0.101,0.099,0.098,0.097,0.098
15:00:06,1.418,1.292,1.382,1.374,1.411,1.391,1.427,1.402,1.386,1.392,1.348,0.99,1.838,1.849,1.874,1.853,1.877,1.864,1.838,1.807,0.361,1.837,0.122,0.645,1.864,1.874,1.877,1.87,1.897,1.877,1.725,1.873,0.644,1.908,1.874,1.674,0.769,1.228,0.646,1.3,1.295,1.282,1.236,1.311,0.88,1.269,1.25,1.313,0.097,0.098,0.099,0.102,0.099,0.1,0.101,0.102,0.098,0.097,0.096,0.098
15:15:06,1.431,1.314,1.391,1.382,1.42,1.397,1.435,1.408,1.395,1.403,1.357,1.031,1.836,1.846,1.871,1.853,1.876,1.866,1.84,1.808,0.365,1.84,0.123,0.666,1.863,1.877,1.88,1.87,1.903,1.877,1.744,1.875,0.713,1.912,1.875,1.697,0.798,1.264,0.669,1.334,1.33,1.32,1.272,1.346,0.912,1.304,1.291,1.35,0.095,0.097,0.097,0.099,0.098,0.097,0.098,0.098,0.1,0.096,0.095,0.097
15:30:06,1.447,1.329,1.402,1.391,1.431,1.407,1.443,1.417,1.406,1.414,1.368,1.061,1.837,1.848,1.875,1.857,1.878,1.869,1.841,1.81,0.378,1.841,0.13,0.693,1.865,1.883,1.885,1.876,1.91,1.884,1.76,1.884,0.784,1.918,1.883,1.717,0.826,1.296,0.688,1.369,1.365,1.353,1.309,1.38,0.947,1.34,1.328,1.39,0.097,0.096,0.099,0.099,0.099,0.099,0.101,0.099,0.1,0.097,0.097,0.097
15:45:06,1.46,1.349,1.409,1.403,1.439,1.417,1.454,1.425,1.414,1.425,1.378,1.121,1.838,1.848,1.873,1.856,1.878,1.869,1.84,1.812,0.377,1.845,0.132,0.695,1.869,1.885,1.886,1.878,1.913,1.886,1.768,1.882,0.859,1.919,1.883,1.731,0.864,1.338,0.722,1.409,1.401,1.394,1.349,1.414,0.988,1.379,1.368,1.425,0.096,0.095,0.096,0.099,0.099,0.098,0.099,0.099,0.099,0.095,0.095,0.096
16:00:06,1.472,1.369,1.42,1.412,1.45,1.427,1.463,1.437,1.425,1.434,1.39,1.169,1.839,1.851,1.874,1.858,1.881,1.871,1.845,1.815,0.383,1.849,0.136,0.706,1.871,1.887,1.889,1.88,1.917,1.892,1.78,1.886,0.929,1.923,1.887,1.741,0.897,1.377,0.754,1.445,1.438,1.431,1.388,1.45,1.018,1.413,1.406,1.463,0.097,0.096,0.099,0.1,0.099,0.099,0.1,0.102,0.098,0.098,0.097,0.098
16:15:06,1.486,1.385,1.432,1.424,1.462,1.437,1.47,1.444,1.435,1.445,1.4,1.219,1.839,1.853,1.877,1.861,1.882,1.871,1.845,1.814,0.387,1.848,0.141,0.715,1.871,1.891,1.893,1.884,1.921,1.891,1.786,1.889,1.007,1.924,1.89,1.751,0.93,1.414,0.782,1.479,1.475,1.465,1.425,1.486,1.058,1.45,1.444,1.5,0.098,0.097,0.099,0.1,0.102,0.099,0.1,0.101,0.099,0.099,0.096,0.097
16:30:06,1.495,1.395,1.439,1.432,1.469,1.444,1.479,1.453,1.443,1.453,1.409,1.253,1.84,1.852,1.877,1.858,1.882,1.871,1.845,1.815,0.397,1.849,0.147,0.737,1.869,1.891,1.892,1.882,1.922,1.891,1.791,1.889,1.08,1.925,1.889,1.755,0.957,1.44,0.8,1.51,1.507,1.497,1.46,1.519,1.086,1.484,1.475,1.536,0.097,0.096,0.098,0.099,0.1,0.1,0.101,0.102,0.099,0.098,0.096,0.097
16:45:06,1.508,1.414,1.449,1.442,1.478,1.454,1.489,1.462,1.454,1.462,1.419,1.308,1.841,1.852,1.877,1.858,1.881,1.872,1.843,1.816,0.396,1.847,0.145,0.738,1.873,1.893,1.894,1.884,1.923,1.892,1.794,1.889,1.132,1.925,1.891,1.76,0.995,1.479,0.836,1.546,1.542,1.532,1.496,1.552,1.129,1.521,1.518,1.57,0.095,0.097,0.097,0.096,0.099,0.098,0.097,0.099,0.096,0.097,0.094,0.098
17:00:05,1.52,1.428,1.458,1.454,1.489,1.464,1.499,1.473,1.467,1.474,1.429,1.358,1.84,1.854,1.878,1.861,1.885,1.874,1.848,1.816,0.4,1.851,0.148,0.747,1.874,1.894,1.895,1.885,1.925,1.897,1.799,1.893,1.202,1.927,1.893,1.767,1.029,1.515,0.869,1.578,1.575,1.566,1.533,1.586,1.169,1.556,1.552,1.605,0.097,0.097,0.097,0.1,0.099,0.099,0.1,0.099,0.098,0.097,0.097,0.098
17:15:05,1.531,1.437,1.469,1.463,1.498,1.473,1.507,1.482,1.478,1.483,1.438,1.387,1.843,1.854,1.879,1.862,1.886,1.875,1.848,1.819,0.412,1.851,0.159,0.769,1.873,1.894,1.897,1.887,1.928,1.895,1.803,1.896,1.261,1.929,1.893,1.771,1.054,1.544,0.889,1.606,1.608,1.598,1.566,1.618,1.205,1.585,1.588,1.639,0.097,0.098,0.099,0.1,0.1,0.1,0.102,0.101,0.098,0.099,0.096,0.097
17:30:06,1.544,1.453,1.481,1.474,1.51,1.483,1.516,1.493,1.486,1.492,1.448,1.411,1.841,1.854,1.88,1.86,1.883,1.876,1.848,1.82,0.409,1.851,0.156,0.761,1.873,1.897,1.896,1.887,1.928,1.895,1.803,1.893,1.283,1.926,1.895,1.774,1.097,1.579,0.926,1.638,1.638,1.629,1.601,1.644,1.242,1.618,1.619,1.668,0.097,0.097,0.097,0.101,0.098,0.098,0.1,0.1,0.098,0.096,0.096,0.097
17:45:05,1.556,1.466,1.491,1.486,1.518,1.494,1.526,1.503,1.497,1.505,1.463,1.434,1.845,1.856,1.88,1.863,1.889,1.877,1.852,1.821,0.411,1.855,0.161,0.775,1.877,1.9,1.899,1.889,1.932,1.898,1.812,1.895,1.34,1.931,1.898,1.777,1.132,1.613,0.961,1.669,1.669,1.66,1.634,1.677,1.287,1.652,1.654,1.702,0.1,0.099,0.098,0.101,0.101,0.102,0.101,0.101,0.1,0.099,0.097,0.099
18:00:06,1.563,1.471,1.497,1.493,1.527,1.501,1.534,1.51,1.504,1.51,1.469,1.446,1.843,1.855,1.878,1.862,1.885,1.874,1.849,1.823,0.418,1.85,0.165,0.792,1.874,1.897,1.897,1.886,1.93,1.896,1.81,1.893,1.391,1.929,1.893,1.776,1.157,1.634,0.98,1.69,1.694,1.684,1.66,1.7,1.303,1.679,1.679,1.728,0.096,0.096,0.096,0.098,0.099,0.098,0.098,0.101,0.098,0.098,0.096,0.096
18:15:06,1.576,1.488,1.509,1.504,1.537,1.511,1.545,1.521,1.517,1.523,1.481,1.468,1.845,1.857,1.88,1.862,1.885,1.879,1.851,1.823,0.416,1.855,0.162,0.787,1.877,1.9,1.899,1.89,1.932,1.898,1.811,1.896,1.419,1.931,1.897,1.782,1.196,1.67,1.024,1.717,1.721,1.715,1.691,1.727,1.299,1.708,1.712,1.755,0.097,0.098,0.098,0.101,0.1,0.099,0.1,0.1,0.1,0.097,0.096,0.097
18:30:07,1.585,1.5,1.517,1.513,1.545,1.521,1.553,1.53,1.525,1.529,1.491,1.481,1.842,1.857,1.88,1.861,1.885,1.878,1.851,1.823,0.416,1.857,0.165,0.79,1.876,1.9,1.899,1.889,1.931,1.898,1.81,1.897,1.435,1.929,1.897,1.782,1.229,1.689,1.053,1.737,1.741,1.736,1.716,1.748,1.249,1.733,1.739,1.78,0.097,0.095,0.097,0.099,0.1,0.097,0.1,0.099,0.098,0.096,0.095,0.097
18:45:07,1.593,1.508,1.526,1.522,1.555,1.528,1.559,1.535,1.532,1.538,1.5,1.494,1.843,1.855,1.88,1.863,1.887,1.877,1.851,1.823,0.426,1.854,0.173,0.812,1.876,1.898,1.899,1.889,1.931,1.897,1.814,1.897,1.469,1.93,1.898,1.785,1.251,1.702,1.072,1.75,1.757,1.75,1.736,1.768,1.223,1.753,1.757,1.803,0.096,0.096,0.098,0.098,0.099,0.1,0.099,0.101,0.097,0.095,0.096,0.098
19:00:07,1.605,1.523,1.537,1.533,1.565,1.541,1.57,1.547,1.544,1.552,1.51,1.511,1.845,1.858,1.884,1.863,1.887,1.879,1.852,1.825,0.425,1.858,0.17,0.811,1.876,1.902,1.9,1.89,1.932,1.901,1.814,1.897,1.484,1.932,1.898,1.785,1.293,1.722,1.116,1.766,1.773,1.767,1.754,1.782,1.217,1.77,1.78,1.822,0.097,0.098,0.097,0.1,0.099,0.098,0.099,0.1,0.099,0.097,0.096,0.096
19:15:07,1.615,1.529,1.545,1.544,1.574,1.548,1.581,1.553,1.554,1.559,1.52,1.522,1.846,1.86,1.882,1.865,1.889,1.88,1.851,1.824,0.434,1.855,0.177,0.835,1.877,1.9,1.899,1.892,1.932,1.901,1.817,1.898,1.507,1.933,1.898,1.785,1.316,1.73,1.132,1.772,1.782,1.774,1.766,1.793,1.195,1.783,1.793,1.838,0.098,0.099,0.099,0.1,0.099,0.098,0.101,0.1,0.098,0.097,0.095,0.098
19:30:07,1.625,1.543,1.555,1.553,1.582,1.558,1.589,1.566,1.564,1.568,1.529,1.539,1.848,1.859,1.883,1.865,1.888,1.88,1.852,1.824,0.428,1.857,0.174,0.822,1.878,1.903,1.901,1.893,1.934,1.902,1.818,1.899,1.511,1.933,1.9,1.789,1.353,1.742,1.175,1.782,1.789,1.785,1.775,1.801,1.195,1.795,1.807,1.85,0.099,0.098,0.1,0.102,0.101,0.1,0.101,0.101,0.101,0.097,0.096,0.098
19:45:06,1.634,1.548,1.563,1.562,1.59,1.567,1.597,1.573,1.57,1.577,1.539,1.548,1.846,1.86,1.881,1.865,1.889,1.878,1.853,1.824,0.437,1.856,0.179,0.848,1.878,1.902,1.9,1.89,1.934,1.9,1.819,1.898,1.534,1.932,1.899,1.789,1.367,1.745,1.19,1.785,1.793,1.787,1.78,1.805,1.188,1.799,1.812,1.855,0.098,0.097,0.099,0.1,0.1,0.099,0.098,0.102,0.099,0.097,0.094,0.099
20:00:07,1.641,1.561,1.573,1.57,1.6,1.575,1.605,1.582,1.58,1.586,1.549,1.561,1.846,1.861,1.883,1.869,1.889,1.879,1.854,1.827,0.437,1.856,0.176,0.845,1.879,1.903,1.903,1.892,1.935,1.902,1.819,1.899,1.53,1.934,1.902,1.792,1.394,1.751,1.227,1.79,1.797,1.793,1.787,1.809,1.195,1.806,1.819,1.861,0.097,0.098,0.099,0.1,0.1,0.099,0.101,0.1,0.099,0.097,0.096,0.097
20:15:06,1.651,1.571,1.582,1.581,1.609,1.586,1.614,1.591,1.591,1.593,1.558,1.572,1.848,1.862,1.884,1.868,1.893,1.881,1.856,1.827,0.445,1.857,0.185,0.869,1.881,1.905,1.904,1.894,1.937,1.902,1.824,1.901,1.556,1.936,1.902,1.794,1.402,1.751,1.237,1.792,1.801,1.795,1.791,1.816,1.203,1.812,1.826,1.867,0.098,0.099,0.1,0.1,0.099,0.1,0.102,0.101,0.1,0.099,0.096,0.098
20:30:06,1.659,1.578,1.59,1.59,1.616,1.594,1.622,1.6,1.596,1.602,1.568,1.582,1.847,1.861,1.884,1.868,1.89,1.881,1.857,1.828,0.447,1.856,0.186,0.875,1.881,1.903,1.901,1.893,1.935,1.902,1.822,1.901,1.557,1.932,1.902,1.794,1.417,1.754,1.255,1.793,1.801,1.797,1.791,1.816,1.187,1.813,1.826,1.868,0.096,0.098,0.099,0.101,0.1,0.099,0.1,0.1,0.1,0.096,0.098,0.097
20:45:06,1.666,1.586,1.597,1.597,1.624,1.601,1.629,1.605,1.605,1.61,1.577,1.592,1.846,1.86,1.883,1.868,1.891,1.881,1.855,1.827,0.448,1.854,0.186,0.881,1.881,1.903,1.9,1.893,1.936,1.9,1.823,1.9,1.56,1.933,1.898,1.794,1.422,1.753,1.269,1.793,1.802,1.797,1.795,1.817,1.168,1.813,1.827,1.871,0.096,0.096,0.098,0.101,0.099,0.098,0.099,0.1,0.099,0.098,0.095,0.097
21:00:06,1.675,1.598,1.608,1.609,1.633,1.611,1.637,1.615,1.615,1.619,1.586,1.604,1.849,1.862,1.885,1.869,1.891,1.881,1.857,1.829,0.443,1.855,0.182,0.875,1.881,1.904,1.903,1.894,1.936,1.903,1.824,1.9,1.565,1.932,1.903,1.796,1.435,1.759,1.292,1.797,1.806,1.801,1.797,1.819,1.06,1.816,1.834,1.872,0.098,0.098,0.098,0.1,0.099,0.101,0.1,0.101,0.099,0.097,0.097,0.096
21:15:07,1.683,1.608,1.617,1.616,1.642,1.619,1.645,1.623,1.622,1.627,1.595,1.616,1.848,1.864,1.886,1.87,1.892,1.883,1.857,1.829,0.446,1.855,0.184,0.888,1.881,1.906,1.902,1.894,1.935,1.903,1.827,1.9,1.576,1.934,1.902,1.798,1.439,1.76,1.296,1.8,1.807,1.803,1.799,1.819,1.058,1.818,1.834,1.874,0.096,0.097,0.096,0.101,0.101,0.1,0.099,0.102,0.097,0.097,0.097,0.098
21:30:07,1.689,1.615,1.625,1.623,1.648,1.628,1.654,1.631,1.63,1.635,1.605,1.623,1.849,1.864,1.886,1.868,1.892,1.884,1.854,1.83,0.449,1.851,0.184,0.893,1.881,1.906,1.903,1.894,1.937,1.905,1.826,1.903,1.578,1.933,1.901,1.797,1.441,1.761,1.302,1.798,1.806,1.803,1.8,1.821,1.042,1.819,1.835,1.873,0.097,0.097,0.098,0.101,0.1,0.1,0.099,0.101,0.098,0.097,0.095,0.098
21:45:07,1.697,1.621,1.632,1.632,1.656,1.634,1.659,1.637,1.639,1.643,1.611,1.631,1.848,1.863,1.884,1.87,1.892,1.882,1.856,1.828,0.458,1.848,0.191,0.921,1.88,1.902,1.902,1.895,1.936,1.902,1.828,1.901,1.589,1.933,1.902,1.796,1.435,1.756,1.294,1.798,1.807,1.802,1.798,1.821,1.063,1.819,1.833,1.873,0.096,0.096,0.098,0.098,0.098,0.098,0.1,0.1,0.099,0.097,0.095,0.097
22:00:07,1.705,1.632,1.641,1.642,1.665,1.644,1.667,1.644,1.647,1.651,1.621,1.64,1.851,1.864,1.887,1.871,1.893,1.883,1.858,1.831,0.462,1.846,0.194,0.929,1.883,1.905,1.903,1.896,1.938,1.903,1.83,1.903,1.595,1.936,1.904,1.8,1.436,1.76,1.297,1.8,1.809,1.804,1.802,1.823,1.066,1.821,1.835,1.876,0.096,0.097,0.098,0.101,0.099,0.1,0.101,0.101,0.098,0.095,0.095,0.099
22:15:06,1.708,1.636,1.647,1.646,1.669,1.648,1.673,1.65,1.652,1.657,1.626,1.647,1.848,1.861,1.881,1.869,1.891,1.881,1.858,1.828,0.469,1.842,0.191,0.934,1.88,1.904,1.9,1.892,1.936,1.902,1.827,1.901,1.601,1.932,1.901,1.799,1.436,1.756,1.296,1.795,1.806,1.8,1.8,1.819,1.056,1.819,1.832,1.873,0.095,0.094,0.096,0.099,0.099,0.098,0.099,0.099,0.096,0.094,0.094,0.096
22:30:06,1.718,1.647,1.655,1.656,1.677,1.661,1.682,1.662,1.662,1.666,1.637,1.659,1.85,1.865,1.887,1.871,1.896,1.885,1.86,1.831,0.462,1.844,0.192,0.928,1.884,1.907,1.904,1.896,1.938,1.904,1.83,1.904,1.601,1.936,1.904,1.801,1.445,1.761,1.309,1.8,1.81,1.805,1.803,1.822,1.028,1.821,1.837,1.875,0.097,0.097,0.099,0.1,0.1,0.099,0.1,0.1,0.099,0.099,0.097,0.097
22:45:06,1.724,1.658,1.663,1.665,1.684,1.667,1.689,1.667,1.67,1.674,1.645,1.667,1.851,1.866,1.887,1.871,1.893,1.885,1.86,1.832,0.465,1.843,0.191,0.939,1.885,1.908,1.905,1.897,1.937,1.905,1.831,1.904,1.607,1.934,1.904,1.802,1.444,1.764,1.309,1.801,1.808,1.804,1.802,1.823,1.041,1.822,1.837,1.876,0.096,0.098,0.097,0.101,0.098,0.098,0.101,0.1,0.097,0.096,0.097,0.096
23:00:07,1.731,1.664,1.67,1.671,1.692,1.677,1.697,1.675,1.678,1.683,1.654,1.675,1.852,1.866,1.886,1.873,1.894,1.886,1.862,1.833,0.467,1.844,0.192,0.946,1.886,1.908,1.907,1.899,1.939,1.905,1.83,1.904,1.612,1.936,1.905,1.805,1.446,1.763,1.31,1.803,1.809,1.806,1.804,1.824,1.035,1.823,1.837,1.877,0.097,0.096,0.099,0.101,0.099,0.099,0.101,0.1,0.099,0.098,0.097,0.098
23:15:07,1.739,1.672,1.677,1.678,1.7,1.682,1.703,1.681,1.687,1.688,1.665,1.686,1.852,1.867,1.888,1.873,1.896,1.886,1.863,1.835,0.476,1.843,0.203,0.976,1.884,1.909,1.906,1.898,1.94,1.903,1.833,1.907,1.62,1.939,1.905,1.807,1.436,1.759,1.297,1.801,1.809,1.807,1.804,1.826,1.039,1.823,1.837,1.877,0.099,0.097,0.099,0.1,0.1,0.099,0.1,0.102,0.1,0.098,0.097,0.099
23:30:07,1.743,1.679,1.684,1.685,1.705,1.688,1.709,1.688,1.691,1.695,1.67,1.691,1.852,1.866,1.888,1.875,1.896,1.886,1.862,1.834,0.48,1.842,0.204,0.983,1.884,1.909,1.906,1.898,1.939,1.905,1.835,1.907,1.622,1.938,1.905,1.806,1.434,1.76,1.297,1.804,1.809,1.804,1.805,1.824,1.053,1.822,1.837,1.878,0.097,0.096,0.099,0.102,0.099,0.099,0.1,0.102,0.1,0.099,0.097,0.098
23:45:07,1.744,1.689,1.69,1.692,1.711,1.695,1.716,1.698,1.699,1.703,1.677,1.701,1.855,1.87,1.888,1.874,1.897,1.89,1.863,1.835,0.479,1.845,0.2,0.979,1.886,1.911,1.907,1.899,1.943,1.909,1.836,1.907,1.626,1.938,1.905,1.808,1.442,1.765,1.307,1.805,1.809,1.807,1.806,1.826,1.083,1.823,1.84,1.878,0.097,0.097,0.099,0.102,0.1,0.099,0.101,0.101,0.099,0.098,0.096,0.099
24:00:07,1.749,1.693,1.697,1.698,1.717,1.703,1.72,1.702,1.704,1.71,1.686,1.706,1.856,1.869,1.889,1.874,1.898,1.888,1.863,1.837,0.479,1.846,0.2,0.988,1.886,1.91,1.907,1.898,1.941,1.908,1.834,1.904,1.627,1.939,1.909,1.806,1.442,1.764,1.305,1.804,1.812,1.807,1.806,1.826,1.068,1.824,1.837,1.877,0.098,0.099,0.098,0.1,0.1,0.098,0.099,0.1,0.098,0.096,0.097,0.098
24:15:06,1.75,1.7,1.702,1.703,1.721,1.708,1.726,1.707,1.711,1.714,1.691,1.713,1.854,1.869,1.889,1.876,1.898,1.887,1.865,1.836,0.493,1.846,0.211,1.016,1.885,1.909,1.908,1.899,1.941,1.907,1.835,1.909,1.633,1.94,1.908,1.809,1.436,1.763,1.294,1.803,1.811,1.806,1.805,1.825,0.943,1.824,1.839,1.878,0.098,0.097,0.098,0.101,0.1,0.099,0.101,0.102,0.099,0.099,0.098,0.099
24:30:06,1.751,1.706,1.704,1.709,1.726,1.713,1.732,1.713,1.716,1.722,1.698,1.721,1.855,1.869,1.891,1.874,1.899,1.889,1.864,1.837,0.483,1.847,0.206,1.012,1.889,1.911,1.908,1.901,1.942,1.909,1.838,1.907,1.638,1.937,1.91,1.81,1.44,1.766,1.304,1.806,1.812,1.81,1.807,1.828,0.938,1.825,1.841,1.88,0.097,0.098,0.1,0.102,0.1,0.101,0.102,0.101,0.099,0.099,0.098,0.099
24:45:07,1.749,1.707,1.706,1.709,1.725,1.715,1.732,1.715,1.719,1.722,1.7,1.724,1.853,1.868,1.888,1.875,1.896,1.887,1.862,1.834,0.496,1.844,0.214,1.033,1.885,1.907,1.906,1.897,1.94,1.908,1.836,1.907,1.644,1.938,1.905,1.808,1.432,1.761,1.291,1.802,1.81,1.805,1.805,1.824,0.95,1.822,1.836,1.878,0.095,0.096,0.096,0.099,0.098,0.097,0.098,0.098,0.097,0.097,0.094,0.096
25:00:07,1.748,1.713,1.709,1.712,1.729,1.719,1.737,1.72,1.722,1.728,1.705,1.729,1.853,1.868,1.888,1.874,1.899,1.888,1.864,1.835,0.502,1.845,0.215,1.046,1.885,1.908,1.907,1.9,1.941,1.907,1.838,1.908,1.645,1.937,1.907,1.81,1.433,1.762,1.291,1.802,1.81,1.806,1.805,1.826,0.975,1.821,1.837,1.877,0.094,0.096,0.099,0.099,0.098,0.099,0.099,0.099,0.097,0.095,0.094,0.096
25:15:07,1.75,1.718,1.712,1.717,1.731,1.722,1.74,1.724,1.728,1.733,1.71,1.735,1.855,1.868,1.89,1.875,1.899,1.89,1.864,1.838,0.496,1.848,0.211,1.038,1.886,1.91,1.91,1.9,1.943,1.911,1.837,1.908,1.646,1.94,1.909,1.813,1.438,1.767,1.301,1.805,1.813,1.808,1.807,1.826,0.893,1.825,1.839,1.879,0.097,0.097,0.098,0.1,0.099,0.098,0.1,0.1,0.098,0.097,0.096,0.097
25:30:07,1.749,1.72,1.714,1.719,1.734,1.726,1.742,1.727,1.73,1.735,1.714,1.738,1.855,1.869,1.89,1.878,1.902,1.891,1.867,1.838,0.508,1.849,0.223,1.073,1.888,1.911,1.907,1.903,1.942,1.91,1.84,1.911,1.649,1.94,1.909,1.813,1.433,1.764,1.29,1.804,1.813,1.808,1.809,1.827,0.872,1.823,1.84,1.882,0.098,0.098,0.098,0.101,0.1,0.101,0.101,0.1,0.1,0.097,0.095,0.098
25:45:08,1.749,1.722,1.713,1.719,1.733,1.724,1.745,1.729,1.73,1.737,1.715,1.742,1.859,1.871,1.893,1.879,1.901,1.892,1.867,1.84,0.503,1.85,0.221,1.062,1.889,1.913,1.91,1.903,1.944,1.912,1.841,1.911,1.653,1.941,1.91,1.815,1.441,1.769,1.303,1.805,1.812,1.809,1.809,1.829,0.86,1.826,1.841,1.881,0.098,0.098,0.098,0.1,0.1,0.101,0.102,0.101,0.1,0.099,0.096,0.097
26:00:06,1.747,1.722,1.714,1.72,1.734,1.727,1.742,1.728,1.732,1.736,1.718,1.744,1.857,1.87,1.892,1.879,1.902,1.891,1.868,1.841,0.514,1.85,0.225,1.093,1.889,1.912,1.908,1.903,1.944,1.91,1.843,1.912,1.658,1.941,1.909,1.815,1.434,1.765,1.291,1.805,1.815,1.807,1.81,1.827,0.853,1.827,1.841,1.881,0.096,0.097,0.097,0.101,0.1,0.1,0.101,0.101,0.101,0.098,0.097,0.099
26:15:06,1.744,1.721,1.713,1.719,1.732,1.725,1.741,1.728,1.731,1.736,1.716,1.742,1.857,1.872,1.89,1.878,1.902,1.889,1.868,1.839,0.519,1.848,0.228,1.108,1.887,1.912,1.907,1.901,1.943,1.909,1.844,1.911,1.655,1.939,1.908,1.815,1.433,1.766,1.29,1.805,1.813,1.808,1.81,1.828,0.813,1.824,1.839,1.879,0.095,0.097,0.099,0.1,0.099,0.099,0.1,0.1,0.098,0.097,0.097,0.098
26:30:06,1.742,1.721,1.712,1.717,1.733,1.725,1.743,1.727,1.731,1.737,1.715,1.741,1.858,1.871,1.891,1.878,1.9,1.89,1.869,1.84,0.521,1.849,0.229,1.115,1.889,1.912,1.907,1.903,1.945,1.91,1.843,1.913,1.665,1.941,1.908,1.817,1.432,1.765,1.291,1.804,1.812,1.809,1.809,1.827,0.819,1.826,1.838,1.879,0.096,0.096,0.098,0.098,0.099,0.098,0.1,0.1,0.098,0.098,0.097,0.096
26:45:06,1.741,1.722,1.712,1.72,1.731,1.725,1.742,1.727,1.73,1.738,1.718,1.742,1.859,1.872,1.893,1.881,1.903,1.893,1.869,1.84,0.525,1.85,0.232,1.126,1.889,1.913,1.91,1.904,1.946,1.912,1.844,1.913,1.666,1.943,1.91,1.817,1.437,1.764,1.292,1.808,1.814,1.811,1.81,1.828,0.844,1.827,1.841,1.88,0.098,0.098,0.101,0.101,0.101,0.101,0.1,0.101,0.1,0.098,0.097,0.099
27:00:06,1.739,1.721,1.71,1.716,1.73,1.726,1.742,1.726,1.729,1.736,1.717,1.742,1.86,1.871,1.892,1.881,1.904,1.893,1.871,1.842,0.527,1.852,0.234,1.143,1.89,1.913,1.91,1.903,1.947,1.911,1.845,1.914,1.668,1.941,1.911,1.818,1.435,1.766,1.291,1.806,1.815,1.81,1.812,1.83,0.816,1.825,1.84,1.881,0.097,0.097,0.098,0.1,0.1,0.099,0.102,0.101,0.1,0.098,0.097,0.099
27:15:06,1.74,1.721,1.711,1.717,1.73,1.723,1.741,1.725,1.73,1.736,1.715,1.742,1.861,1.874,1.893,1.881,1.906,1.893,1.87,1.842,0.535,1.851,0.237,1.155,1.89,1.915,1.911,1.906,1.947,1.912,1.846,1.913,1.672,1.943,1.913,1.821,1.435,1.766,1.291,1.806,1.814,1.81,1.812,1.83,0.825,1.826,1.842,1.881,0.097,0.098,0.098,0.101,0.101,0.1,0.1,0.101,0.099,0.098,0.097,0.097
27:30:06,1.738,1.721,1.71,1.715,1.729,1.724,1.74,1.725,1.727,1.737,1.716,1.74,1.86,1.874,1.894,1.881,1.904,1.896,1.87,1.843,0.531,1.854,0.235,1.147,1.892,1.915,1.911,1.905,1.947,1.913,1.847,1.913,1.673,1.944,1.913,1.821,1.44,1.77,1.302,1.808,1.815,1.81,1.813,1.827,0.798,1.828,1.841,1.88,0.097,0.098,0.099,0.1,0.099,0.1,0.1,0.101,0.1,0.097,0.097,0.098
27:45:06,1.733,1.717,1.707,1.715,1.726,1.72,1.738,1.724,1.724,1.732,1.712,1.738,1.859,1.873,1.894,1.882,1.904,1.893,1.87,1.843,0.542,1.853,0.242,1.18,1.889,1.914,1.91,1.904,1.946,1.912,1.848,1.914,1.672,1.942,1.911,1.821,1.436,1.765,1.288,1.806,1.815,1.809,1.811,1.829,0.653,1.826,1.84,1.88,0.097,0.095,0.097,0.1,0.099,0.098,0.099,0.099,0.097,0.098,0.094,0.097
28:00:06,1.734,1.716,1.707,1.712,1.723,1.72,1.738,1.722,1.723,1.732,1.712,1.736,1.861,1.874,1.894,1.882,1.904,1.894,1.871,1.844,0.541,1.853,0.246,1.19,1.892,1.916,1.912,1.906,1.948,1.914,1.849,1.916,1.677,1.942,1.912,1.823,1.435,1.768,1.29,1.808,1.814,1.811,1.812,1.829,0.649,1.827,1.842,1.88,0.097,0.098,0.098,0.1,0.1,0.099,0.101,0.1,0.098,0.096,0.097,0.098
