Time,CENPKA,CENPKA,CENPKA,CENPKA,CENPKA,CENPKA,CENPKA,CENPKA,YEF473,YEF473,YEF473,YEF473,YEF473,YEF473,YEF473,YEF473,BY4741,BY4741,BY4741,BY4741,BY4741,BY4741,BY4741,BY4741,BY4742,BY4742,BY4742,BY4742,BY4742,BY4742,BY4742,BY4742,S288c,S288c,S288c,S288c,S288c,S288c,S288c,S288c,w303a,w303a,w303a,w303a,w303a,w303a,w303a,w303a,BLANK,BLANK,BLANK,BLANK,BLANK,BLANK,BLANK,BLANK
0:00:04,0.34,0.299,0.27,0.285,0.262,0.269,0.269,0.254,0.27,0.263,0.261,0.272,0.261,0.242,0.254,0.262,0.422,0.353,0.337,0.338,0.323,0.321,0.326,0.308,0.326,0.306,0.285,0.288,0.293,0.303,0.314,0.325,0.347,0.307,0.302,0.28,0.3,0.31,0.312,0.32,0.262,0.253,0.253,0.274,0.262,0.269,0.288,0.279,0.426,0.433,0.419,0.432,0.447,0.442,0.419,0.422
0:30:05,0.206,0.201,0.194,0.2,0.2,0.201,0.198,0.19,0.186,0.179,0.192,0.189,0.185,0.187,0.182,0.186,0.26,0.231,0.229,0.228,0.222,0.219,0.214,0.21,0.217,0.211,0.216,0.208,0.216,0.218,0.218,0.216,0.241,0.208,0.21,0.209,0.211,0.213,0.215,0.21,0.197,0.196,0.199,0.206,0.203,0.204,0.217,0.223,0.264,0.264,0.265,0.263,0.269,0.273,0.261,0.257
1:00:05,0.2,0.196,0.191,0.201,0.204,0.205,0.198,0.191,0.181,0.175,0.19,0.181,0.18,0.183,0.178,0.18,0.253,0.227,0.226,0.226,0.22,0.217,0.212,0.21,0.208,0.203,0.209,0.204,0.207,0.211,0.209,0.209,0.234,0.203,0.204,0.205,0.211,0.216,0.231,0.228,0.193,0.194,0.197,0.205,0.203,0.206,0.217,0.224,0.254,0.254,0.255,0.255,0.261,0.267,0.257,0.255
1:30:05,0.201,0.197,0.191,0.196,0.198,0.198,0.196,0.19,0.185,0.178,0.192,0.184,0.183,0.186,0.18,0.183,0.251,0.226,0.222,0.222,0.219,0.216,0.212,0.212,0.21,0.204,0.21,0.204,0.211,0.215,0.214,0.217,0.237,0.204,0.206,0.207,0.213,0.22,0.225,0.222,0.187,0.188,0.19,0.198,0.198,0.2,0.213,0.217,0.236,0.238,0.239,0.238,0.246,0.252,0.242,0.24
2:00:05,0.2,0.196,0.192,0.196,0.198,0.192,0.198,0.192,0.189,0.182,0.201,0.191,0.188,0.19,0.185,0.189,0.239,0.217,0.216,0.217,0.214,0.213,0.209,0.209,0.198,0.193,0.198,0.194,0.199,0.204,0.204,0.206,0.228,0.199,0.199,0.199,0.203,0.203,0.206,0.203,0.184,0.185,0.188,0.196,0.194,0.197,0.207,0.212,0.251,0.252,0.252,0.254,0.259,0.267,0.258,0.256
2:30:05,0.203,0.197,0.193,0.197,0.199,0.2,0.198,0.193,0.185,0.179,0.197,0.186,0.183,0.186,0.181,0.184,0.25,0.224,0.224,0.223,0.219,0.217,0.213,0.212,0.202,0.197,0.204,0.201,0.207,0.212,0.207,0.209,0.234,0.202,0.202,0.202,0.206,0.204,0.207,0.203,0.19,0.191,0.193,0.2,0.198,0.201,0.211,0.218,0.245,0.245,0.246,0.245,0.25,0.256,0.246,0.243
3:00:05,0.206,0.198,0.191,0.196,0.197,0.199,0.196,0.191,0.187,0.18,0.194,0.188,0.186,0.188,0.182,0.186,0.242,0.217,0.216,0.216,0.212,0.209,0.205,0.206,0.198,0.193,0.202,0.195,0.199,0.205,0.203,0.207,0.227,0.195,0.196,0.196,0.2,0.2,0.202,0.198,0.184,0.184,0.186,0.194,0.192,0.196,0.21,0.216,0.242,0.248,0.245,0.243,0.251,0.258,0.247,0.245
3:30:05,0.203,0.198,0.192,0.197,0.197,0.199,0.196,0.193,0.183,0.177,0.189,0.184,0.183,0.185,0.18,0.185,0.239,0.214,0.212,0.212,0.209,0.209,0.202,0.204,0.179,0.176,0.186,0.183,0.188,0.194,0.192,0.196,0.204,0.193,0.19,0.17,0.174,0.175,0.178,0.174,0.158,0.159,0.161,0.167,0.164,0.165,0.175,0.183,0.247,0.251,0.244,0.224,0.232,0.238,0.228,0.226
4:00:05,0.199,0.196,0.193,0.196,0.199,0.2,0.198,0.194,0.185,0.18,0.196,0.186,0.185,0.187,0.182,0.185,0.254,0.228,0.229,0.229,0.224,0.221,0.218,0.217,0.208,0.203,0.211,0.208,0.213,0.219,0.218,0.222,0.224,0.195,0.194,0.194,0.199,0.199,0.201,0.198,0.181,0.182,0.184,0.188,0.186,0.187,0.197,0.206,0.25,0.252,0.254,0.254,0.262,0.27,0.262,0.261
4:30:05,0.2,0.197,0.195,0.198,0.2,0.202,0.2,0.197,0.19,0.182,0.202,0.192,0.189,0.192,0.187,0.191,0.254,0.23,0.23,0.229,0.223,0.22,0.217,0.217,0.2,0.196,0.202,0.2,0.203,0.209,0.207,0.211,0.222,0.194,0.193,0.194,0.199,0.198,0.2,0.197,0.185,0.186,0.187,0.192,0.19,0.191,0.2,0.21,0.26,0.258,0.26,0.26,0.268,0.275,0.266,0.266
5:00:06,0.223,0.22,0.216,0.219,0.22,0.222,0.219,0.212,0.176,0.169,0.189,0.179,0.176,0.179,0.176,0.179,0.252,0.223,0.219,0.222,0.219,0.214,0.212,0.211,0.193,0.191,0.199,0.197,0.201,0.204,0.204,0.208,0.215,0.185,0.186,0.187,0.19,0.191,0.193,0.191,0.176,0.178,0.18,0.187,0.187,0.189,0.201,0.216,0.249,0.25,0.252,0.25,0.264,0.266,0.259,0.261
5:30:06,0.216,0.209,0.209,0.208,0.212,0.216,0.213,0.208,0.189,0.183,0.202,0.193,0.194,0.201,0.187,0.191,0.271,0.243,0.242,0.243,0.237,0.233,0.23,0.236,0.201,0.197,0.204,0.202,0.207,0.214,0.216,0.22,0.228,0.198,0.198,0.199,0.204,0.205,0.208,0.206,0.195,0.192,0.197,0.201,0.2,0.202,0.212,0.226,0.253,0.253,0.255,0.255,0.262,0.269,0.26,0.26
6:00:05,0.219,0.216,0.214,0.216,0.218,0.232,0.223,0.216,0.199,0.193,0.211,0.204,0.199,0.202,0.197,0.201,0.275,0.249,0.249,0.26,0.253,0.249,0.242,0.239,0.221,0.205,0.212,0.211,0.215,0.22,0.218,0.223,0.239,0.206,0.206,0.207,0.213,0.214,0.216,0.214,0.202,0.202,0.206,0.212,0.212,0.215,0.228,0.242,0.257,0.259,0.261,0.263,0.272,0.28,0.273,0.273
6:30:05,0.224,0.22,0.228,0.222,0.222,0.225,0.224,0.221,0.196,0.19,0.207,0.198,0.198,0.198,0.194,0.197,0.279,0.251,0.25,0.249,0.245,0.245,0.242,0.242,0.21,0.206,0.212,0.211,0.215,0.22,0.219,0.221,0.23,0.202,0.202,0.204,0.209,0.209,0.212,0.209,0.217,0.211,0.207,0.212,0.211,0.215,0.228,0.241,0.266,0.264,0.26,0.262,0.27,0.278,0.272,0.273
7:00:05,0.239,0.233,0.234,0.233,0.235,0.238,0.238,0.235,0.208,0.201,0.221,0.212,0.21,0.21,0.205,0.21,0.31,0.258,0.257,0.258,0.253,0.248,0.247,0.247,0.217,0.213,0.22,0.219,0.222,0.228,0.227,0.231,0.238,0.209,0.209,0.212,0.219,0.221,0.224,0.221,0.213,0.211,0.216,0.221,0.22,0.225,0.238,0.254,0.366,0.352,0.349,0.366,0.411,0.42,0.402,0.382
7:30:05,0.246,0.24,0.239,0.241,0.242,0.246,0.246,0.245,0.204,0.198,0.216,0.208,0.206,0.209,0.205,0.207,0.295,0.265,0.261,0.26,0.257,0.252,0.25,0.253,0.212,0.209,0.216,0.215,0.217,0.222,0.224,0.23,0.234,0.205,0.206,0.207,0.214,0.212,0.214,0.211,0.218,0.216,0.22,0.228,0.225,0.229,0.245,0.264,0.258,0.261,0.264,0.266,0.275,0.284,0.279,0.28
8:00:05,0.259,0.252,0.252,0.252,0.253,0.259,0.259,0.255,0.204,0.198,0.216,0.207,0.204,0.205,0.2,0.204,0.303,0.269,0.27,0.267,0.266,0.261,0.258,0.258,0.217,0.214,0.222,0.221,0.221,0.227,0.225,0.229,0.232,0.205,0.206,0.207,0.213,0.211,0.213,0.21,0.232,0.227,0.23,0.235,0.233,0.236,0.254,0.273,0.256,0.26,0.262,0.263,0.27,0.278,0.272,0.274
8:30:05,0.275,0.266,0.267,0.267,0.266,0.273,0.274,0.27,0.204,0.198,0.216,0.207,0.204,0.205,0.201,0.205,0.311,0.273,0.272,0.268,0.265,0.265,0.262,0.262,0.216,0.213,0.221,0.222,0.222,0.228,0.226,0.232,0.23,0.201,0.202,0.203,0.212,0.21,0.212,0.208,0.224,0.222,0.224,0.227,0.228,0.229,0.25,0.269,0.238,0.241,0.244,0.247,0.255,0.264,0.257,0.259
9:00:05,0.3,0.288,0.289,0.286,0.288,0.295,0.295,0.294,0.219,0.22,0.226,0.218,0.214,0.221,0.225,0.232,0.335,0.288,0.283,0.279,0.277,0.273,0.272,0.274,0.228,0.222,0.231,0.234,0.231,0.237,0.235,0.242,0.238,0.211,0.212,0.214,0.247,0.247,0.25,0.248,0.28,0.276,0.283,0.285,0.286,0.286,0.311,0.334,0.28,0.284,0.286,0.289,0.298,0.307,0.301,0.302
9:30:05,0.329,0.311,0.311,0.311,0.309,0.32,0.32,0.32,0.22,0.213,0.229,0.222,0.218,0.219,0.216,0.22,0.356,0.305,0.296,0.292,0.291,0.285,0.287,0.287,0.24,0.234,0.243,0.244,0.245,0.249,0.248,0.255,0.242,0.214,0.215,0.216,0.227,0.224,0.227,0.225,0.272,0.271,0.274,0.274,0.276,0.277,0.303,0.334,0.26,0.264,0.267,0.27,0.28,0.289,0.284,0.286
10:00:05,0.364,0.341,0.338,0.34,0.338,0.348,0.349,0.352,0.237,0.217,0.233,0.226,0.223,0.223,0.218,0.225,0.384,0.313,0.306,0.3,0.299,0.295,0.297,0.299,0.251,0.244,0.252,0.256,0.253,0.26,0.258,0.265,0.239,0.212,0.213,0.214,0.228,0.221,0.223,0.222,0.293,0.289,0.293,0.29,0.291,0.293,0.319,0.365,0.27,0.274,0.273,0.27,0.279,0.286,0.281,0.282
10:30:05,0.412,0.378,0.372,0.379,0.377,0.393,0.386,0.393,0.238,0.229,0.244,0.235,0.232,0.233,0.228,0.237,0.4,0.325,0.314,0.306,0.311,0.306,0.314,0.317,0.26,0.25,0.258,0.262,0.26,0.266,0.265,0.271,0.242,0.216,0.216,0.217,0.228,0.224,0.227,0.226,0.316,0.313,0.315,0.305,0.311,0.31,0.342,0.397,0.27,0.273,0.276,0.279,0.287,0.295,0.29,0.291
11:00:05,0.469,0.418,0.412,0.425,0.419,0.434,0.431,0.444,0.255,0.244,0.26,0.252,0.248,0.248,0.244,0.253,0.434,0.345,0.331,0.32,0.327,0.322,0.324,0.33,0.276,0.265,0.272,0.276,0.277,0.283,0.282,0.29,0.25,0.223,0.225,0.226,0.241,0.243,0.248,0.249,0.348,0.346,0.345,0.336,0.345,0.343,0.373,0.454,0.258,0.262,0.265,0.269,0.277,0.287,0.281,0.283
11:30:05,0.537,0.465,0.458,0.474,0.469,0.488,0.482,0.5,0.269,0.255,0.27,0.264,0.258,0.26,0.254,0.265,0.47,0.358,0.343,0.326,0.337,0.328,0.333,0.339,0.273,0.261,0.265,0.271,0.273,0.276,0.282,0.294,0.237,0.212,0.213,0.215,0.231,0.232,0.238,0.24,0.376,0.367,0.367,0.352,0.366,0.361,0.392,0.495,0.242,0.245,0.248,0.252,0.26,0.268,0.263,0.266
12:00:05,0.619,0.539,0.521,0.545,0.537,0.562,0.578,0.607,0.314,0.298,0.311,0.303,0.296,0.301,0.292,0.305,0.545,0.412,0.395,0.377,0.395,0.38,0.383,0.394,0.343,0.327,0.332,0.34,0.342,0.345,0.348,0.355,0.291,0.265,0.268,0.268,0.285,0.285,0.291,0.293,0.455,0.453,0.447,0.436,0.445,0.44,0.484,0.601,0.288,0.293,0.296,0.3,0.309,0.317,0.313,0.315
12:30:05,0.718,0.603,0.572,0.625,0.61,0.646,0.629,0.665,0.306,0.287,0.297,0.287,0.279,0.286,0.274,0.291,0.565,0.404,0.386,0.362,0.381,0.365,0.369,0.383,0.334,0.315,0.322,0.33,0.331,0.334,0.339,0.345,0.268,0.241,0.244,0.243,0.262,0.261,0.267,0.271,0.466,0.49,0.469,0.443,0.462,0.447,0.501,0.654,0.253,0.257,0.259,0.263,0.271,0.28,0.276,0.277
13:00:05,0.829,0.698,0.651,0.728,0.714,0.762,0.731,0.748,0.327,0.303,0.313,0.299,0.292,0.299,0.284,0.302,0.621,0.418,0.397,0.368,0.396,0.381,0.383,0.398,0.347,0.326,0.329,0.337,0.341,0.344,0.348,0.355,0.274,0.248,0.251,0.249,0.268,0.269,0.274,0.278,0.501,0.547,0.503,0.478,0.503,0.469,0.525,0.723,0.253,0.256,0.258,0.262,0.27,0.28,0.274,0.275
13:30:05,0.844,0.818,0.749,0.815,0.805,0.842,0.861,0.849,0.362,0.332,0.339,0.322,0.315,0.323,0.306,0.327,0.692,0.449,0.426,0.385,0.419,0.397,0.405,0.423,0.38,0.353,0.352,0.361,0.367,0.369,0.375,0.38,0.282,0.255,0.257,0.252,0.272,0.267,0.271,0.271,0.593,0.643,0.599,0.553,0.593,0.535,0.587,0.819,0.251,0.254,0.257,0.26,0.268,0.276,0.272,0.273
14:00:05,0.925,0.876,0.853,0.871,0.859,0.906,0.901,0.915,0.386,0.352,0.353,0.338,0.323,0.342,0.319,0.337,0.777,0.478,0.466,0.409,0.452,0.42,0.43,0.447,0.397,0.367,0.375,0.373,0.381,0.383,0.384,0.391,0.29,0.272,0.266,0.266,0.284,0.276,0.284,0.284,0.711,0.745,0.725,0.682,0.726,0.648,0.682,0.875,0.255,0.255,0.259,0.257,0.264,0.275,0.264,0.262
14:30:05,1.07,0.899,1.05,0.905,0.926,0.939,0.916,0.97,0.43,0.386,0.388,0.364,0.35,0.368,0.337,0.365,0.881,0.534,0.507,0.444,0.508,0.451,0.483,0.49,0.428,0.389,0.385,0.395,0.403,0.402,0.408,0.411,0.309,0.276,0.277,0.271,0.297,0.285,0.29,0.291,0.787,0.849,0.828,0.781,0.82,0.757,0.807,0.988,0.245,0.249,0.252,0.254,0.261,0.271,0.264,0.266
15:00:05,1.193,0.953,1.064,1.026,1.054,1.098,1.054,1.127,0.476,0.425,0.423,0.395,0.374,0.403,0.358,0.39,0.964,0.607,0.583,0.492,0.611,0.505,0.571,0.556,0.444,0.397,0.388,0.403,0.415,0.409,0.42,0.423,0.315,0.281,0.287,0.282,0.3,0.299,0.303,0.291,0.901,1.018,0.892,0.858,0.974,0.844,0.889,1.227,0.248,0.252,0.254,0.258,0.265,0.271,0.26,0.259
15:30:05,1.359,1.149,1.189,1.254,1.288,1.34,1.294,1.393,0.545,0.484,0.479,0.446,0.413,0.458,0.392,0.427,1.008,0.747,0.71,0.586,0.768,0.629,0.715,0.693,0.484,0.424,0.414,0.422,0.437,0.431,0.443,0.44,0.343,0.297,0.299,0.292,0.32,0.308,0.314,0.316,1.129,1.254,1.266,1.209,1.266,1.068,1.225,1.29,0.249,0.252,0.254,0.258,0.265,0.274,0.268,0.27
16:00:05,1.493,1.353,1.375,1.461,1.497,1.528,1.5,1.526,0.627,0.557,0.554,0.518,0.48,0.552,0.455,0.484,1.268,0.873,0.847,0.735,0.832,0.801,0.837,0.831,0.512,0.439,0.423,0.424,0.457,0.442,0.46,0.448,0.36,0.305,0.312,0.301,0.326,0.311,0.323,0.326,1.427,1.334,1.357,1.314,1.318,1.324,1.348,1.369,0.242,0.249,0.247,0.251,0.263,0.271,0.264,0.265
16:30:05,1.518,1.405,1.431,1.479,1.536,1.554,1.548,1.546,0.707,0.64,0.637,0.591,0.541,0.644,0.512,0.555,1.345,1.072,0.988,0.816,1.211,0.889,1.358,1.068,0.576,0.476,0.454,0.445,0.508,0.482,0.507,0.482,0.385,0.313,0.317,0.308,0.338,0.321,0.327,0.329,1.445,1.381,1.389,1.373,1.383,1.369,1.391,1.415,0.24,0.243,0.246,0.248,0.255,0.263,0.258,0.259
17:00:05,1.564,1.459,1.496,1.554,1.579,1.586,1.583,1.586,0.772,0.725,0.72,0.725,0.675,0.69,0.655,0.706,1.372,1.389,1.282,0.909,1.306,1.292,1.379,1.439,0.691,0.544,0.517,0.477,0.637,0.566,0.614,0.547,0.421,0.33,0.332,0.325,0.351,0.336,0.342,0.343,1.417,1.385,1.389,1.387,1.395,1.381,1.393,1.431,0.253,0.258,0.259,0.263,0.27,0.278,0.274,0.275
17:30:05,1.605,1.528,1.564,1.602,1.609,1.614,1.606,1.615,0.92,0.855,0.794,0.803,0.725,0.83,0.696,0.771,1.375,1.326,1.328,1.266,1.343,1.344,1.343,1.367,0.789,0.693,0.668,0.561,0.722,0.738,0.746,0.707,0.458,0.34,0.345,0.337,0.357,0.345,0.351,0.353,1.417,1.407,1.405,1.415,1.421,1.407,1.421,1.469,0.259,0.263,0.265,0.269,0.277,0.285,0.28,0.281
18:00:05,1.621,1.546,1.61,1.618,1.625,1.629,1.625,1.633,1.068,1.022,1.018,1,1,0.999,0.942,0.939,1.36,1.326,1.33,1.268,1.349,1.35,1.336,1.365,1.225,0.751,0.729,0.733,0.999,0.823,1.171,0.769,0.5,0.355,0.359,0.354,0.367,0.358,0.364,0.366,1.435,1.421,1.419,1.425,1.437,1.423,1.433,1.476,0.253,0.256,0.259,0.263,0.27,0.279,0.273,0.275
18:30:05,1.639,1.581,1.624,1.631,1.637,1.647,1.645,1.643,1.137,1.129,1.145,1.147,1.153,1.27,1.088,1.167,1.352,1.326,1.326,1.282,1.359,1.332,1.342,1.364,1.538,1.405,1.149,0.803,1.288,1.256,1.457,1.455,0.545,0.367,0.371,0.367,0.376,0.37,0.374,0.375,1.451,1.431,1.431,1.431,1.447,1.425,1.437,1.486,0.259,0.258,0.26,0.264,0.27,0.279,0.273,0.276
19:00:05,1.653,1.633,1.643,1.649,1.661,1.655,1.655,1.659,1.292,1.278,1.36,1.34,1.377,1.447,1.28,1.383,1.347,1.322,1.324,1.3,1.359,1.342,1.346,1.358,1.526,1.544,1.542,0.892,1.312,1.282,1.387,1.409,0.586,0.377,0.381,0.38,0.386,0.38,0.384,0.381,1.465,1.447,1.443,1.445,1.455,1.443,1.451,1.498,0.251,0.255,0.257,0.26,0.268,0.276,0.271,0.272
19:30:06,1.655,1.647,1.655,1.665,1.663,1.675,1.679,1.675,1.391,1.389,1.441,1.433,1.433,1.465,1.427,1.455,1.354,1.334,1.326,1.324,1.368,1.361,1.357,1.356,1.528,1.54,1.55,1.342,1.304,1.292,1.383,1.379,0.638,0.39,0.397,0.399,0.397,0.406,0.405,0.401,1.483,1.453,1.455,1.459,1.468,1.453,1.463,1.512,0.25,0.251,0.255,0.252,0.258,0.268,0.263,0.264
20:00:06,1.673,1.639,1.663,1.673,1.686,1.69,1.69,1.691,1.441,1.421,1.463,1.463,1.463,1.473,1.445,1.476,1.36,1.344,1.336,1.348,1.366,1.352,1.349,1.369,1.528,1.53,1.534,1.375,1.316,1.308,1.369,1.375,0.681,0.406,0.415,0.422,0.409,0.422,0.413,0.417,1.51,1.475,1.474,1.484,1.487,1.476,1.488,1.526,0.243,0.247,0.249,0.252,0.26,0.27,0.264,0.265
20:30:06,1.686,1.652,1.68,1.69,1.704,1.712,1.708,1.708,1.462,1.445,1.459,1.461,1.461,1.478,1.45,1.488,1.373,1.357,1.341,1.371,1.353,1.363,1.373,1.378,1.526,1.533,1.536,1.445,1.343,1.332,1.365,1.379,0.758,0.426,0.437,0.451,0.425,0.449,0.432,0.44,1.545,1.494,1.496,1.498,1.505,1.49,1.5,1.54,0.25,0.253,0.256,0.261,0.27,0.281,0.273,0.281
21:00:07,1.706,1.665,1.698,1.711,1.722,1.73,1.723,1.72,1.465,1.447,1.461,1.447,1.479,1.488,1.453,1.49,1.385,1.37,1.377,1.403,1.367,1.375,1.379,1.395,1.536,1.558,1.554,1.534,1.375,1.371,1.387,1.391,0.819,0.452,0.474,0.498,0.445,0.499,0.459,0.481,1.581,1.518,1.52,1.522,1.532,1.524,1.532,1.575,0.256,0.261,0.262,0.265,0.273,0.281,0.274,0.274
21:30:06,1.717,1.651,1.713,1.719,1.727,1.736,1.727,1.735,1.433,1.465,1.473,1.445,1.468,1.496,1.439,1.495,1.389,1.379,1.387,1.413,1.389,1.383,1.387,1.395,1.532,1.546,1.538,1.526,1.351,1.374,1.368,1.393,0.873,0.468,0.501,0.538,0.448,0.548,0.473,0.516,1.59,1.536,1.536,1.536,1.534,1.52,1.54,1.573,0.242,0.246,0.248,0.251,0.259,0.269,0.264,0.266
22:00:06,1.727,1.665,1.703,1.737,1.741,1.754,1.75,1.747,1.463,1.474,1.488,1.484,1.489,1.504,1.447,1.499,1.397,1.387,1.387,1.423,1.397,1.399,1.397,1.411,1.532,1.55,1.54,1.546,1.362,1.387,1.348,1.409,0.885,0.503,0.557,0.597,0.493,0.624,0.537,0.6,1.607,1.548,1.546,1.546,1.556,1.542,1.558,1.59,0.259,0.261,0.263,0.266,0.272,0.28,0.274,0.275
22:30:06,1.729,1.661,1.691,1.752,1.758,1.76,1.766,1.762,1.431,1.465,1.474,1.469,1.472,1.504,1.47,1.504,1.415,1.403,1.401,1.443,1.415,1.419,1.419,1.433,1.544,1.558,1.552,1.548,1.383,1.387,1.385,1.421,0.911,0.575,0.66,0.694,0.569,0.691,0.643,0.684,1.641,1.579,1.575,1.578,1.576,1.569,1.584,1.61,0.244,0.25,0.253,0.258,0.267,0.279,0.275,0.28
23:00:06,1.746,1.675,1.698,1.754,1.768,1.776,1.77,1.768,1.443,1.459,1.487,1.474,1.481,1.51,1.473,1.516,1.425,1.415,1.419,1.447,1.437,1.431,1.425,1.439,1.522,1.542,1.54,1.548,1.407,1.413,1.387,1.423,0.985,0.644,0.71,0.759,0.631,0.761,0.721,0.762,1.649,1.591,1.594,1.59,1.599,1.583,1.599,1.625,0.243,0.246,0.247,0.251,0.258,0.266,0.26,0.261
23:30:06,1.756,1.692,1.719,1.772,1.786,1.792,1.778,1.78,1.471,1.455,1.492,1.497,1.506,1.53,1.498,1.516,1.443,1.433,1.441,1.455,1.455,1.453,1.449,1.457,1.534,1.554,1.552,1.55,1.427,1.439,1.429,1.451,1.229,0.716,0.904,1.014,0.762,1.123,0.997,1.06,1.675,1.613,1.615,1.606,1.615,1.604,1.613,1.641,0.253,0.259,0.26,0.264,0.273,0.28,0.275,0.274
24:00:06,1.768,1.691,1.714,1.784,1.784,1.79,1.792,1.79,1.459,1.47,1.499,1.496,1.518,1.532,1.506,1.491,1.455,1.439,1.445,1.465,1.465,1.453,1.453,1.472,1.546,1.556,1.542,1.54,1.411,1.447,1.429,1.447,1.284,0.767,1.167,1.139,0.805,1.199,1.175,1.189,1.694,1.635,1.641,1.62,1.627,1.613,1.633,1.655,0.251,0.255,0.258,0.262,0.271,0.281,0.277,0.281
24:30:06,1.762,1.703,1.728,1.752,1.802,1.8,1.802,1.81,1.486,1.485,1.51,1.473,1.48,1.55,1.5,1.486,1.471,1.459,1.467,1.484,1.478,1.481,1.477,1.477,1.568,1.572,1.572,1.57,1.427,1.453,1.431,1.463,1.28,1.11,1.223,1.238,1.092,1.246,1.25,1.262,1.714,1.655,1.659,1.647,1.647,1.631,1.653,1.667,0.255,0.259,0.261,0.266,0.273,0.281,0.276,0.278
25:00:06,1.774,1.713,1.74,1.766,1.815,1.819,1.817,1.812,1.506,1.486,1.516,1.502,1.461,1.556,1.493,1.5,1.479,1.465,1.485,1.506,1.502,1.498,1.495,1.506,1.58,1.586,1.581,1.589,1.461,1.477,1.457,1.487,1.288,1.262,1.235,1.258,1.137,1.266,1.262,1.27,1.73,1.671,1.679,1.661,1.669,1.651,1.669,1.673,0.245,0.25,0.252,0.256,0.263,0.271,0.265,0.267
25:30:06,1.786,1.722,1.75,1.776,1.82,1.822,1.819,1.827,1.516,1.5,1.532,1.532,1.48,1.552,1.495,1.518,1.485,1.484,1.496,1.504,1.508,1.508,1.5,1.514,1.58,1.584,1.579,1.589,1.47,1.48,1.467,1.484,1.278,1.225,1.225,1.248,1.191,1.264,1.254,1.26,1.728,1.679,1.693,1.683,1.669,1.661,1.671,1.683,0.241,0.244,0.246,0.25,0.257,0.267,0.261,0.263
26:00:06,1.79,1.737,1.756,1.78,1.832,1.833,1.837,1.831,1.508,1.512,1.54,1.556,1.494,1.574,1.516,1.542,1.506,1.5,1.514,1.516,1.528,1.516,1.514,1.528,1.584,1.58,1.589,1.587,1.478,1.496,1.474,1.495,1.296,1.197,1.205,1.243,1.211,1.268,1.256,1.262,1.749,1.715,1.722,1.687,1.699,1.681,1.7,1.706,0.247,0.252,0.255,0.261,0.269,0.279,0.275,0.28
26:30:06,1.812,1.747,1.766,1.8,1.976,1.849,1.851,1.853,1.51,1.534,1.544,1.556,1.51,1.599,1.544,1.552,1.526,1.516,1.524,1.534,1.552,1.544,1.534,1.55,1.593,1.59,1.594,1.595,1.5,1.508,1.502,1.524,1.308,1.213,1.241,1.262,1.229,1.302,1.282,1.29,1.766,1.73,1.725,1.718,1.707,1.699,1.705,1.717,0.254,0.259,0.26,0.264,0.272,0.279,0.274,0.276
27:00:06,1.834,1.75,1.784,1.798,1.848,1.873,1.849,1.858,1.544,1.538,1.538,1.554,1.51,1.604,1.566,1.579,1.528,1.532,1.538,1.542,1.558,1.556,1.552,1.558,1.6,1.6,1.596,1.589,1.502,1.52,1.512,1.532,1.31,1.189,1.225,1.256,1.223,1.292,1.278,1.288,1.772,1.736,1.754,1.728,1.719,1.714,1.715,1.732,0.252,0.258,0.259,0.263,0.271,0.278,0.274,0.274
27:30:06,1.831,1.756,1.79,1.812,1.86,1.864,1.86,1.865,1.526,1.51,1.55,1.568,1.512,1.618,1.567,1.579,1.538,1.534,1.552,1.556,1.567,1.562,1.554,1.567,1.606,1.608,1.61,1.606,1.526,1.538,1.526,1.546,1.306,1.175,1.217,1.244,1.191,1.278,1.266,1.276,1.778,1.74,1.758,1.736,1.737,1.716,1.724,1.73,0.251,0.253,0.255,0.259,0.266,0.275,0.27,0.273
28:00:06,1.838,1.762,1.792,1.831,1.872,1.885,1.893,1.883,1.532,1.512,1.548,1.587,1.532,1.643,1.587,1.593,1.556,1.558,1.571,1.586,1.583,1.587,1.579,1.612,1.645,1.639,1.637,1.641,1.571,1.582,1.577,1.583,1.348,1.217,1.25,1.276,1.229,1.322,1.298,1.302,1.811,1.786,1.798,1.766,1.772,1.754,1.776,1.764,0.264,0.265,0.266,0.27,0.275,0.281,0.276,0.276
28:30:05,1.847,1.772,1.79,1.82,1.874,1.885,1.875,1.885,1.532,1.514,1.552,1.58,1.52,1.641,1.578,1.598,1.56,1.567,1.58,1.587,1.59,1.59,1.589,1.595,1.645,1.633,1.639,1.622,1.56,1.564,1.552,1.57,1.328,1.179,1.217,1.248,1.223,1.292,1.284,1.288,1.817,1.802,1.804,1.784,1.776,1.77,1.796,1.77,0.266,0.27,0.272,0.277,0.285,0.294,0.289,0.291
29:00:06,1.85,1.776,1.806,1.827,1.883,1.895,1.893,1.885,1.546,1.528,1.55,1.554,1.538,1.659,1.592,1.581,1.563,1.579,1.591,1.598,1.603,1.6,1.588,1.604,1.639,1.623,1.641,1.627,1.568,1.572,1.556,1.579,1.308,1.171,1.191,1.221,1.203,1.26,1.258,1.272,1.814,1.806,1.811,1.786,1.786,1.762,1.782,1.766,0.246,0.251,0.254,0.26,0.269,0.279,0.277,0.282
29:30:06,1.861,1.783,1.821,1.861,1.875,1.888,1.881,1.889,1.569,1.533,1.563,1.571,1.549,1.655,1.597,1.587,1.577,1.587,1.603,1.607,1.607,1.603,1.605,1.609,1.647,1.63,1.648,1.636,1.579,1.587,1.575,1.599,1.312,1.18,1.213,1.22,1.211,1.256,1.259,1.277,1.827,1.813,1.817,1.789,1.787,1.77,1.786,1.773,0.238,0.244,0.246,0.25,0.258,0.266,0.26,0.261
30:00:06,1.867,1.793,1.823,1.865,1.879,1.92,1.909,1.92,1.583,1.565,1.593,1.518,1.581,1.676,1.619,1.615,1.587,1.601,1.621,1.629,1.623,1.625,1.617,1.625,1.653,1.64,1.652,1.645,1.583,1.593,1.583,1.607,1.32,1.198,1.212,1.236,1.227,1.286,1.277,1.287,1.835,1.825,1.835,1.815,1.815,1.801,1.811,1.787,0.263,0.267,0.269,0.274,0.279,0.288,0.285,0.288
30:30:06,1.867,1.804,1.83,1.855,1.884,1.903,1.888,1.906,1.578,1.542,1.585,1.578,1.581,1.676,1.619,1.609,1.587,1.604,1.611,1.63,1.622,1.628,1.619,1.628,1.658,1.637,1.651,1.646,1.596,1.6,1.578,1.611,1.311,1.177,1.231,1.246,1.233,1.295,1.283,1.279,1.841,1.821,1.836,1.818,1.807,1.8,1.81,1.795,0.257,0.259,0.259,0.261,0.268,0.276,0.272,0.275
31:00:06,1.871,1.814,1.841,1.862,1.897,1.925,1.895,1.909,1.599,1.538,1.591,1.596,1.604,1.669,1.641,1.624,1.601,1.603,1.625,1.629,1.647,1.641,1.625,1.639,1.661,1.651,1.661,1.659,1.599,1.613,1.583,1.619,1.324,1.171,1.239,1.278,1.225,1.306,1.286,1.292,1.845,1.832,1.84,1.83,1.829,1.806,1.812,1.808,0.247,0.25,0.252,0.257,0.263,0.271,0.266,0.268
31:30:06,1.873,1.806,1.835,1.866,1.909,1.919,1.889,1.921,1.615,1.546,1.583,1.596,1.604,1.661,1.659,1.608,1.609,1.631,1.629,1.643,1.659,1.647,1.633,1.649,1.675,1.663,1.659,1.655,1.615,1.623,1.601,1.629,1.328,1.175,1.237,1.294,1.244,1.332,1.3,1.3,1.859,1.857,1.853,1.84,1.846,1.833,1.843,1.804,0.251,0.255,0.257,0.262,0.268,0.276,0.271,0.274
32:00:06,1.894,1.817,1.831,1.855,1.89,1.884,1.871,1.917,1.615,1.561,1.595,1.597,1.603,1.659,1.638,1.611,1.623,1.651,1.66,1.671,1.662,1.666,1.645,1.662,1.694,1.682,1.684,1.674,1.623,1.633,1.625,1.646,1.325,1.181,1.217,1.293,1.217,1.312,1.304,1.306,1.861,1.869,1.869,1.869,1.873,1.869,1.871,1.819,0.254,0.259,0.26,0.264,0.272,0.277,0.273,0.291
32:30:06,1.891,1.824,1.851,1.879,1.899,1.901,1.895,1.921,1.637,1.577,1.607,1.607,1.61,1.671,1.633,1.622,1.627,1.657,1.657,1.669,1.669,1.645,1.657,1.661,1.705,1.703,1.714,1.702,1.643,1.653,1.627,1.657,1.33,1.193,1.213,1.245,1.217,1.272,1.286,1.29,1.891,1.869,1.87,1.891,1.879,1.879,1.883,1.816,0.265,0.267,0.269,0.274,0.279,0.287,0.282,0.284
33:00:06,1.885,1.831,1.848,1.885,1.913,1.905,1.899,1.938,1.657,1.581,1.612,1.624,1.617,1.683,1.649,1.625,1.631,1.649,1.665,1.669,1.673,1.663,1.657,1.671,1.708,1.693,1.696,1.695,1.643,1.661,1.651,1.647,1.34,1.195,1.234,1.229,1.203,1.264,1.298,1.294,1.879,1.893,1.887,1.901,1.909,1.895,1.911,1.835,0.253,0.257,0.259,0.265,0.271,0.28,0.276,0.279
33:30:07,1.889,1.839,1.862,1.893,1.921,1.917,1.913,1.937,1.659,1.597,1.633,1.635,1.629,1.7,1.683,1.643,1.637,1.653,1.665,1.677,1.677,1.671,1.665,1.679,1.723,1.702,1.701,1.707,1.653,1.665,1.647,1.659,1.36,1.207,1.231,1.238,1.203,1.252,1.294,1.31,1.885,1.899,1.883,1.907,1.893,1.895,1.911,1.852,0.248,0.253,0.253,0.258,0.264,0.272,0.269,0.271
34:00:07,1.901,1.84,1.861,1.905,1.921,1.941,1.923,1.935,1.661,1.609,1.643,1.667,1.643,1.739,1.699,1.659,1.655,1.661,1.671,1.679,1.702,1.688,1.673,1.691,1.718,1.703,1.711,1.695,1.665,1.673,1.653,1.663,1.361,1.211,1.225,1.241,1.213,1.268,1.29,1.296,1.883,1.903,1.899,1.911,1.917,1.893,1.919,1.843,0.251,0.255,0.257,0.262,0.267,0.277,0.272,0.273
34:30:07,1.909,1.851,1.857,1.901,1.925,1.939,1.923,1.936,1.677,1.624,1.653,1.663,1.651,1.737,1.705,1.655,1.657,1.671,1.685,1.697,1.713,1.679,1.675,1.693,1.731,1.716,1.72,1.709,1.665,1.683,1.665,1.675,1.363,1.217,1.233,1.24,1.199,1.272,1.298,1.282,1.885,1.915,1.899,1.936,1.931,1.921,1.944,1.867,0.244,0.249,0.25,0.255,0.261,0.271,0.266,0.267
35:00:08,1.909,1.857,1.872,1.907,1.923,1.95,1.935,1.94,1.687,1.631,1.675,1.679,1.655,1.758,1.727,1.677,1.671,1.675,1.683,1.685,1.715,1.696,1.69,1.702,1.733,1.711,1.712,1.701,1.681,1.689,1.683,1.683,1.361,1.213,1.229,1.243,1.207,1.294,1.292,1.306,1.893,1.917,1.911,1.933,1.943,1.931,1.945,1.87,0.243,0.25,0.251,0.255,0.265,0.274,0.271,0.275
35:30:08,1.907,1.869,1.885,1.911,1.951,1.95,1.936,1.943,1.712,1.645,1.704,1.706,1.679,1.776,1.75,1.708,1.683,1.677,1.686,1.703,1.73,1.707,1.691,1.706,1.726,1.711,1.714,1.697,1.687,1.69,1.677,1.689,1.361,1.213,1.241,1.243,1.221,1.284,1.3,1.31,1.911,1.923,1.915,1.941,1.947,1.931,1.938,1.875,0.252,0.254,0.256,0.261,0.266,0.274,0.27,0.271
36:00:08,1.909,1.874,1.893,1.939,1.939,1.956,1.939,1.967,1.713,1.663,1.724,1.719,1.701,1.806,1.77,1.727,1.683,1.683,1.691,1.701,1.722,1.707,1.699,1.714,1.735,1.725,1.718,1.716,1.686,1.692,1.671,1.683,1.362,1.207,1.25,1.248,1.225,1.276,1.308,1.322,1.919,1.929,1.921,1.96,1.963,1.948,1.954,1.879,0.247,0.249,0.251,0.256,0.263,0.271,0.267,0.27
36:30:08,1.929,1.874,1.899,1.921,1.954,1.954,1.964,1.959,1.749,1.671,1.749,1.729,1.706,1.806,1.772,1.758,1.687,1.69,1.688,1.706,1.738,1.715,1.699,1.72,1.736,1.731,1.728,1.719,1.692,1.703,1.673,1.679,1.363,1.209,1.244,1.248,1.233,1.266,1.322,1.357,1.917,1.94,1.933,1.954,1.961,1.949,1.964,1.879,0.247,0.251,0.253,0.26,0.267,0.278,0.275,0.28
37:00:08,1.925,1.885,1.903,1.946,1.973,1.991,1.97,1.962,1.754,1.685,1.752,1.752,1.73,1.808,1.794,1.758,1.692,1.702,1.696,1.712,1.756,1.723,1.702,1.729,1.744,1.73,1.732,1.723,1.699,1.704,1.677,1.677,1.364,1.213,1.254,1.256,1.238,1.266,1.324,1.352,1.925,1.963,1.931,1.956,1.98,1.957,1.955,1.887,0.245,0.247,0.25,0.256,0.262,0.273,0.268,0.272
37:30:07,1.916,1.893,1.912,1.932,1.971,1.975,1.964,1.964,1.763,1.714,1.766,1.745,1.732,1.817,1.778,1.771,1.699,1.71,1.701,1.716,1.769,1.737,1.712,1.733,1.747,1.735,1.73,1.718,1.705,1.712,1.692,1.69,1.369,1.203,1.245,1.254,1.237,1.264,1.333,1.347,1.916,1.941,1.939,1.965,1.979,1.966,1.976,1.892,0.243,0.246,0.248,0.254,0.26,0.27,0.267,0.27
38:00:08,1.927,1.889,1.913,1.941,1.98,1.985,1.962,1.974,1.778,1.734,1.772,1.758,1.746,1.817,1.802,1.766,1.706,1.713,1.708,1.723,1.762,1.736,1.72,1.745,1.754,1.748,1.733,1.733,1.713,1.724,1.696,1.692,1.368,1.211,1.256,1.245,1.231,1.258,1.336,1.332,1.942,1.954,1.952,1.96,1.977,1.973,1.981,1.893,0.25,0.252,0.256,0.263,0.27,0.28,0.277,0.282
38:30:09,1.938,1.895,1.927,1.956,1.98,1.992,1.986,1.961,1.774,1.754,1.79,1.794,1.77,1.848,1.804,1.798,1.72,1.71,1.715,1.712,1.78,1.758,1.725,1.748,1.758,1.749,1.74,1.728,1.725,1.722,1.711,1.713,1.373,1.215,1.252,1.25,1.236,1.266,1.345,1.353,1.935,1.956,1.947,1.969,1.988,1.957,1.981,1.905,0.253,0.256,0.258,0.265,0.272,0.282,0.279,0.284
39:00:09,1.941,1.903,1.919,1.946,1.974,2,1.986,1.977,1.8,1.76,1.806,1.794,1.776,1.852,1.832,1.806,1.729,1.728,1.725,1.719,1.788,1.766,1.739,1.762,1.766,1.752,1.744,1.737,1.738,1.735,1.719,1.724,1.377,1.205,1.25,1.26,1.229,1.272,1.342,1.338,1.949,1.957,1.953,1.982,2.004,1.984,1.984,1.901,0.254,0.256,0.256,0.262,0.267,0.275,0.27,0.272
39:30:07,1.939,1.903,1.931,1.951,1.964,2,1.99,1.989,1.811,1.786,1.798,1.796,1.782,1.856,1.838,1.815,1.731,1.726,1.73,1.722,1.798,1.762,1.743,1.772,1.766,1.752,1.749,1.735,1.745,1.739,1.727,1.727,1.381,1.209,1.247,1.252,1.231,1.272,1.334,1.336,1.952,1.968,1.958,1.995,2.008,1.986,1.999,1.911,0.256,0.257,0.258,0.263,0.269,0.278,0.273,0.276
40:00:08,1.938,1.905,1.927,1.948,1.962,2.001,1.99,1.986,1.808,1.794,1.804,1.796,1.798,1.862,1.825,1.827,1.736,1.742,1.731,1.73,1.806,1.772,1.752,1.786,1.772,1.76,1.749,1.744,1.74,1.743,1.731,1.734,1.379,1.211,1.252,1.246,1.223,1.266,1.328,1.252,1.958,1.983,1.965,1.984,2.029,2.007,2.013,1.927,0.257,0.258,0.26,0.265,0.269,0.278,0.272,0.274
40:30:07,1.959,1.913,1.935,1.957,1.988,1.999,2,1.977,1.833,1.808,1.806,1.824,1.811,1.866,1.857,1.833,1.746,1.746,1.738,1.735,1.811,1.786,1.764,1.794,1.778,1.75,1.746,1.742,1.756,1.764,1.74,1.737,1.383,1.215,1.252,1.252,1.223,1.288,1.328,1.338,1.959,1.987,1.966,1.999,1.998,2.001,2.004,1.919,0.253,0.261,0.258,0.265,0.271,0.278,0.275,0.28
41:00:05,1.949,1.907,1.954,1.958,1.976,2.001,1.995,1.99,1.832,1.81,1.811,1.837,1.794,1.864,1.841,1.82,1.749,1.739,1.75,1.733,1.808,1.786,1.774,1.8,1.766,1.744,1.741,1.726,1.76,1.756,1.75,1.746,1.377,1.213,1.246,1.247,1.227,1.28,1.318,1.316,1.957,1.979,1.962,2,1.999,1.991,1.988,1.927,0.258,0.258,0.259,0.265,0.269,0.277,0.273,0.277
41:30:06,1.941,1.925,1.936,1.96,1.973,1.998,2.007,1.988,1.832,1.794,1.825,1.818,1.812,1.877,1.849,1.827,1.758,1.752,1.758,1.743,1.825,1.794,1.77,1.804,1.77,1.76,1.747,1.742,1.766,1.768,1.747,1.75,1.385,1.217,1.243,1.248,1.215,1.294,1.316,1.32,1.954,1.998,1.988,2.004,2.025,2.004,2.02,1.927,0.253,0.256,0.257,0.263,0.268,0.276,0.272,0.275
42:00:06,1.966,1.95,1.959,1.989,2.017,2.02,2.024,1.998,1.852,1.817,1.852,1.829,1.841,1.911,1.874,1.847,1.772,1.756,1.76,1.754,1.837,1.8,1.778,1.838,1.764,1.758,1.738,1.732,1.776,1.778,1.756,1.745,1.407,1.219,1.25,1.26,1.238,1.3,1.34,1.346,1.972,2.001,1.99,2.008,2.019,2.008,2.012,1.956,0.257,0.258,0.262,0.27,0.276,0.287,0.285,0.289
42:30:06,1.952,1.946,1.967,1.995,2.021,2.004,2.003,1.998,1.857,1.827,1.87,1.852,1.843,1.889,1.889,1.868,1.776,1.758,1.756,1.752,1.858,1.82,1.796,1.833,1.762,1.76,1.739,1.727,1.78,1.782,1.76,1.75,1.419,1.209,1.247,1.26,1.246,1.318,1.354,1.369,1.981,2,1.983,2.02,2.032,2.032,2.019,1.97,0.254,0.255,0.256,0.262,0.267,0.276,0.272,0.275
43:00:06,1.958,1.955,1.984,2.005,2.012,2.024,2.017,1.991,1.847,1.858,1.893,1.846,1.853,1.899,1.877,1.874,1.78,1.766,1.758,1.746,1.862,1.821,1.804,1.831,1.77,1.768,1.754,1.726,1.78,1.788,1.76,1.754,1.469,1.217,1.254,1.27,1.258,1.353,1.375,1.383,1.985,2.007,1.987,2.029,2.028,2.011,2.017,1.972,0.255,0.259,0.26,0.265,0.271,0.278,0.273,0.275
43:30:06,1.966,1.959,1.966,2,2.012,2.027,2,1.998,1.854,1.859,1.874,1.854,1.87,1.905,1.895,1.885,1.794,1.778,1.768,1.764,1.872,1.832,1.811,1.848,1.776,1.766,1.75,1.737,1.79,1.794,1.78,1.772,1.465,1.219,1.252,1.27,1.252,1.33,1.383,1.389,1.985,2.024,2.007,2.028,2.044,2.02,2.044,1.969,0.254,0.257,0.258,0.263,0.269,0.277,0.272,0.273
44:00:06,1.958,1.958,1.98,1.995,2.016,2.023,2.016,1.993,1.86,1.845,1.863,1.862,1.868,1.905,1.895,1.887,1.808,1.782,1.79,1.766,1.87,1.838,1.819,1.847,1.778,1.776,1.754,1.731,1.812,1.804,1.78,1.774,1.47,1.223,1.262,1.27,1.249,1.326,1.379,1.395,1.983,2.011,1.994,2.048,2.052,2.044,2.025,1.995,0.256,0.257,0.258,0.264,0.269,0.278,0.274,0.276
44:30:06,1.966,1.964,2,2.014,2.025,2.032,2.033,2.013,1.883,1.857,1.88,1.871,1.879,1.906,1.91,1.886,1.815,1.796,1.792,1.779,1.881,1.849,1.819,1.851,1.775,1.774,1.758,1.734,1.811,1.831,1.793,1.775,1.472,1.226,1.258,1.274,1.255,1.334,1.376,1.392,1.996,2.012,2.016,2.048,2.048,2.028,2.025,1.984,0.257,0.259,0.262,0.269,0.276,0.286,0.283,0.289
45:00:06,1.969,1.965,2.008,2.012,2.032,2.036,2.015,1.997,1.865,1.861,1.889,1.879,1.872,1.915,1.897,1.899,1.811,1.808,1.8,1.78,1.887,1.848,1.828,1.865,1.792,1.776,1.764,1.747,1.828,1.825,1.8,1.786,1.468,1.225,1.266,1.272,1.248,1.328,1.385,1.401,1.986,2.037,2.021,2.041,2.041,2.04,2.04,1.995,0.253,0.256,0.258,0.266,0.272,0.282,0.279,0.284
45:30:06,1.975,1.986,2.008,2.029,2.024,2.037,2.036,2,1.883,1.885,1.881,1.881,1.893,1.925,1.913,1.915,1.831,1.819,1.8,1.79,1.895,1.863,1.847,1.875,1.79,1.78,1.766,1.752,1.828,1.84,1.812,1.804,1.473,1.239,1.264,1.286,1.262,1.34,1.375,1.399,1.995,2.036,2.016,2.053,2.059,2.048,2.052,1.996,0.258,0.262,0.263,0.268,0.274,0.281,0.276,0.278
46:00:06,1.962,1.986,2.007,2.024,2.041,2.041,2.039,2.008,1.889,1.869,1.897,1.891,1.889,1.927,1.925,1.919,1.833,1.82,1.804,1.79,1.905,1.864,1.849,1.873,1.792,1.774,1.78,1.746,1.84,1.843,1.813,1.811,1.475,1.229,1.26,1.28,1.262,1.345,1.367,1.403,1.997,2.033,2.016,2.053,2.068,2.047,2.056,1.982,0.256,0.261,0.264,0.27,0.28,0.289,0.287,0.293
46:30:06,1.966,1.986,2.02,2.02,2.029,2.051,2.04,2.024,1.883,1.889,1.911,1.897,1.899,1.925,1.913,1.897,1.843,1.836,1.81,1.806,1.899,1.874,1.864,1.883,1.786,1.78,1.786,1.754,1.848,1.859,1.817,1.812,1.476,1.237,1.264,1.284,1.264,1.35,1.375,1.397,2.012,2.039,2.02,2.048,2.072,2.064,2.075,2,0.26,0.262,0.26,0.269,0.274,0.281,0.277,0.278
47:00:06,1.974,1.985,2.024,2.027,2.035,2.04,2.032,2.004,1.885,1.881,1.905,1.891,1.921,1.939,1.923,1.901,1.852,1.833,1.831,1.812,1.909,1.881,1.861,1.889,1.796,1.788,1.788,1.756,1.862,1.867,1.847,1.815,1.476,1.235,1.264,1.288,1.266,1.355,1.379,1.397,2.02,2.045,2.035,2.045,2.072,2.059,2.051,2.011,0.268,0.269,0.269,0.275,0.28,0.287,0.283,0.286
47:30:06,1.98,1.981,2.025,2.021,2.037,2.059,2.036,2.027,1.893,1.897,1.931,1.905,1.917,1.946,1.927,1.921,1.858,1.844,1.832,1.832,1.907,1.879,1.865,1.887,1.796,1.78,1.788,1.774,1.854,1.872,1.841,1.832,1.477,1.243,1.268,1.284,1.266,1.355,1.385,1.401,2.025,2.035,2.027,2.068,2.076,2.059,2.056,2.005,0.257,0.262,0.263,0.269,0.279,0.288,0.285,0.29
